diameter_um,evaporation_time_ms,emissions_proxy
10.0,40.516418876546226,20258.209438273112
9.875822233632189,40.516418876546226,19758.209438273112
9.750063055211886,40.516418876546226,19258.209438273112
9.62266046220647,40.516418876546226,18758.209438273112
9.493548291403775,40.516418876546226,18258.209438273112
9.3626558172091,40.516418876546226,17758.209438273112
9.229907298658166,40.516418876546226,17258.209438273112
9.095221466909269,40.516418876546226,16758.209438273112
8.958510943367266,40.516418876546226,16258.209438273112
8.819681576606662,40.516418876546226,15758.209438273112
8.67863168379894,40.516418876546226,15258.209438273112
10.0,40.516196392339154,20258.098196169576
9.875821547455084,40.516196392339154,19758.098196169576
9.750061665156597,40.516196392339154,19258.098196169576
9.622658349517266,40.516196392339154,18758.098196169576
9.493545436174648,40.516196392339154,18258.098196169576
9.362652198276436,40.516196392339154,17758.098196169576
9.229902893479906,40.516196392339154,17258.098196169576
9.095216251428377,40.516196392339154,16758.098196169576
8.958504891856956,40.516196392339154,16258.098196169576
8.819674661494215,40.516196392339154,15758.098196169576
8.67862387546443,40.516196392339154,15258.098196169576
10.0,40.51619664533498,20258.09832266749
9.875821548235367,40.51619664533498,19758.09832266749
9.750061666737293,40.51619664533498,19258.09832266749
9.622658351919705,40.51619664533498,18758.09832266749
9.493545439421464,40.51619664533498,18258.09832266749
9.362652202391695,40.51619664533498,17758.09832266749
9.229902898489241,40.51619664533498,17258.09832266749
9.095216257359146,40.51619664533498,16758.09832266749
8.958504898738411,40.51619664533498,16258.098322667489
8.819674669357717,40.51619664533498,15758.098322667489
8.678623884343656,40.51619664533498,15258.098322667489
10.0,40.511981415653736,20255.990707826866
9.875808546355621,40.511981415653736,19755.990707826866
9.75003532755351,40.511981415653736,19255.990707826866
9.622618320021438,40.511981415653736,18755.990707826866
9.493491337599828,40.511981415653736,18255.990707826866
9.36258362960533,40.511981415653736,17755.990707826866
9.229819427574109,40.511981415653736,17255.990707826866
9.095117432441167,40.511981415653736,16755.990707826866
8.958390232299884,40.511981415653736,16255.990707826868
8.819543638898596,40.511981415653736,15755.990707826868
8.678475928566458,40.511981415653736,15255.990707826868
10.0,40.511314612726636,20255.65730636332
9.875806489351964,40.511314612726636,19755.65730636332
9.750031160475988,40.511314612726636,19255.65730636332
9.62261198663747,40.511314612726636,18755.65730636332
9.493482778227678,40.511314612726636,18255.65730636332
9.362572780792247,40.511314612726636,17755.65730636332
9.229806221733924,40.511314612726636,17255.65730636332
9.095101797444855,40.511314612726636,16755.65730636332
8.958372091011348,40.511314612726636,16255.657306363319
8.81952290864633,40.511314612726636,15755.657306363319
8.67845252053981,40.511314612726636,15255.657306363319
10.0,40.511314744038785,20255.657372019392
9.875806489757052,40.511314744038785,19755.657372019392
9.750031161296617,40.511314744038785,19255.657372019392
9.622611987884712,40.511314744038785,18755.657372019392
9.493482779913286,40.511314744038785,18255.657372019392
9.36257278292872,40.511314744038785,17755.657372019392
9.229806224334567,40.511314744038785,17255.657372019392
9.095101800523878,40.511314744038785,16755.657372019392
8.958372094583936,40.511314744038785,16255.657372019392
8.819522912728768,40.511314744038785,15755.657372019392
8.678452525149588,40.511314744038785,15255.657372019392
10.0,40.510071524843354,20255.035762421678
9.875802654399333,40.510071524843354,19755.035762421678
9.75002339162742,40.510071524843354,19255.035762421678
9.622600179053622,40.510071524843354,18755.035762421678
9.493466820638483,40.510071524843354,18255.035762421678
9.362552554896805,40.510071524843354,17755.035762421678
9.229781601524795,40.510071524843354,17255.035762421678
9.095072648444681,40.510071524843354,16755.035762421678
8.958338269407307,40.510071524843354,16255.035762421678
8.819484260305046,40.510071524843354,15755.035762421678
8.67840887988169,40.510071524843354,15255.035762421678
10.0,40.50921392948929,20254.606964744646
9.87580000856131,40.50921392948929,19754.606964744646
9.750018031685848,40.50921392948929,19254.606964744646
9.622592032674918,40.50921392948929,18754.606964744646
9.493455811052076,40.50921392948929,18254.606964744646
9.362538600481068,40.50921392948929,17754.606964744646
9.229764615340828,40.50921392948929,17254.606964744646
9.095052537709567,40.50921392948929,16754.606964744646
8.9583149348969,40.50921392948929,16254.606964744646
8.819457595674262,40.50921392948929,15754.606964744646
8.6783787708878,40.50921392948929,15254.606964744646
10.0,40.50921379374383,20254.606896871916
9.875800008142502,40.50921379374383,19754.606896871916
9.750018030837426,40.50921379374383,19254.606896871916
9.62259203138543,40.50921379374383,18754.606896871916
9.493455809309372,40.50921379374383,18254.606896871916
9.36253859827223,40.50921379374383,17754.606896871916
9.22976461265209,40.50921379374383,17254.606896871916
9.095052534526246,40.50921379374383,16754.606896871916
8.958314931203285,40.50921379374383,16254.606896871916
8.819457591453526,40.50921379374383,15754.606896871916
8.678378766121854,40.50921379374383,15254.606896871916
10.0,40.50997934479285,20254.989672396427
9.87580237001248,40.50997934479285,19754.989672396427
9.750022815516289,40.50997934479285,19254.989672396427
9.622599303443552,40.50997934479285,18754.989672396427
9.49346563727791,40.50997934479285,18254.989672396427
9.36255105501276,40.50997934479285,17754.989672396427
9.229779775772805,40.50997934479285,17254.989672396427
9.095070486852139,40.50997934479285,16754.989672396427
8.958335761309291,40.50997934479285,16254.989672396427
8.819481394271266,40.50997934479285,15754.989672396427
8.678405643633,40.50997934479285,15254.989672396427
10.0,40.50911278842449,20254.556394212243
9.875799696515253,40.50911278842449,19754.556394212243
9.750017399542505,40.50911278842449,19254.556394212243
9.622591071903264,40.50911278842449,18754.556394212243
9.493454512597783,40.50911278842449,18254.556394212243
9.362536954717669,40.50911278842449,17754.556394212243
9.229762612014722,40.50911278842449,17254.556394212243
9.095050165877902,40.50911278842449,16754.556394212243
8.958312182857128,40.50911278842449,16254.556394212244
8.81945445088398,40.50911278842449,15754.556394212244
8.678375219873132,40.50911278842449,15254.556394212244
10.0,40.5091126001593,20254.55630007965
9.875799695934406,40.5091126001593,19754.55630007965
9.750017398365822,40.5091126001593,19254.55630007965
9.622591070114867,40.5091126001593,18754.55630007965
9.493454510180818,40.5091126001593,18254.55630007965
9.362536951654217,40.5091126001593,17754.55630007965
9.229762608285697,40.5091126001593,17254.55630007965
9.095050161462934,40.5091126001593,16754.55630007965
8.958312177734435,40.5091126001593,16254.556300079648
8.819454445030214,40.5091126001593,15754.556300079648
8.678375213263214,40.5091126001593,15254.556300079648
10.0,40.512826093107456,20256.413046553727
9.875811151982122,40.512826093107456,19756.413046553727
9.750040606029746,40.512826093107456,19256.413046553727
9.6226263425763,40.512826093107456,18756.413046553727
9.493502179831097,40.512826093107456,18256.413046553727
9.362597371887368,40.512826093107456,17756.413046553727
9.229836155516885,40.512826093107456,17256.413046553727
9.095137237408855,40.512826093107456,16756.413046553727
8.958413211998854,40.512826093107456,16256.413046553727
8.819569898046622,40.512826093107456,15756.413046553727
8.678505579657395,40.512826093107456,15256.413046553727
10.0,40.51225605248391,20256.128026241957
9.875809393556091,40.51225605248391,19756.128026241957
9.750037043811755,40.51225605248391,19256.128026241957
9.622620928497195,40.51225605248391,18756.128026241957
9.493494862873362,40.51225605248391,18256.128026241957
9.362588097810011,40.51225605248391,17756.128026241957
9.22982486654565,40.51225605248391,17256.128026241957
9.095123871886253,40.51225605248391,16756.128026241957
8.958397703987353,40.51225605248391,16256.128026241957
8.819552176877048,40.51225605248391,15756.128026241957
8.678485569412867,40.51225605248391,15256.128026241957
10.0,40.51225801949311,20256.129009746553
9.875809399623884,40.51225801949311,19756.129009746553
9.750037056103887,40.51225801949311,19256.129009746553
9.62262094717954,40.51225801949311,18756.129009746553
9.493494888121969,40.51225801949311,18256.129009746553
9.362588129812046,40.51225801949311,17756.129009746553
9.229824905500479,40.51225801949311,17256.129009746553
9.095123918006637,40.51225801949311,16756.129009746553
8.95839775750083,40.51225801949311,16256.129009746555
8.819552238027473,40.51225801949311,15756.129009746555
8.678485638462213,40.51225801949311,15256.129009746555
10.0,40.488340678697526,20244.170339348762
9.875735575994733,40.488340678697526,19744.170339348762
9.749887503655417,40.488340678697526,19244.170339348762
9.622393647159948,40.488340678697526,18744.170339348762
9.493187697916445,40.488340678697526,18244.170339348762
9.362198771380589,40.488340678697526,17744.170339348762
9.229350952358907,40.488340678697526,17244.170339348762
9.094562780517615,40.488340678697526,16744.170339348762
8.957746666195932,40.488340678697526,16244.170339348762
8.818808224624934,40.488340678697526,15744.170339348762
8.677645514174937,40.488340678697526,15244.170339348762
10.0,40.49026161453886,20245.13080726943
9.875741508426055,40.49026161453886,19745.13080726943
9.74989952166168,40.49026161453886,19245.13080726943
9.62241191301578,40.49026161453886,18745.13080726943
9.493212383856022,40.49026161453886,18245.13080726943
9.362230060527603,40.49026161453886,17745.13080726943
9.22938903977376,40.49026161453886,17245.13080726943
9.094607874380587,40.49026161453886,16745.13080726943
8.957798989148769,40.49026161453886,16245.13080726943
8.818868015297884,40.49026161453886,15745.13080726943
8.677713028931839,40.49026161453886,15245.13080726943
10.0,40.48970752757381,20244.853763786905
9.875739797295923,40.48970752757381,19744.853763786905
9.749896055229975,40.48970752757381,19244.853763786905
9.62240664447744,40.48970752757381,18744.853763786905
9.493205263533392,40.48970752757381,18244.853763786905
9.362221035602218,40.48970752757381,17744.853763786905
9.229378053984309,40.48970752757381,17244.853763786905
9.09459486768167,40.48970752757381,16744.853763786905
8.957783897323953,40.48970752757381,16244.853763786907
8.818850769519281,40.48970752757381,15744.853763786907
8.677693555256798,40.48970752757381,15244.853763786907
20.0,162.0656755061849,81032.83775309245
19.938201142287227,162.0656755061849,80532.83775309245
19.87621014128719,162.0656755061849,80032.83775309245
19.814025193557,162.0656755061849,79532.83775309245
19.751644467264377,162.0656755061849,79032.83775309245
19.689066101557973,162.0656755061849,78532.83775309245
19.626288205919714,162.0656755061849,78032.83775309245
19.563308859498363,162.0656755061849,77532.83775309245
19.50012611042377,162.0656755061849,77032.83775309245
19.43673797510104,162.0656755061849,76532.83775309245
19.373142437483878,162.0656755061849,76032.83775309245
20.0,162.06478556935662,81032.3927846783
19.93820080240888,162.06478556935662,80532.3927846783
19.876209459410415,162.06478556935662,80032.3927846783
19.8140241675318,162.06478556935662,79532.3927846783
19.75164309491017,162.06478556935662,79032.3927846783
19.689064380662952,162.06478556935662,78532.3927846783
19.62628613424019,162.06478556935662,78032.3927846783
19.563306434758076,162.06478556935662,77532.3927846783
19.500123330313194,162.06478556935662,77032.3927846783
19.43673483727663,162.06478556935662,76532.3927846783
19.373138939567358,162.06478556935662,76032.3927846783
20.0,162.06478658133992,81032.39329066996
19.938200802795368,162.06478658133992,80532.39329066996
19.87620946018581,162.06478658133992,80032.39329066996
19.814024168698545,162.06478658133992,79532.39329066996
19.751643096470733,162.06478658133992,79032.39329066996
19.68906438261986,162.06478658133992,78532.39329066996
19.626286136595994,162.06478658133992,78032.39329066996
19.56330643751536,162.06478658133992,77532.39329066996
19.500123333474587,162.06478658133992,77032.39329066996
19.4367348408448,162.06478658133992,76532.39329066996
19.373138943545005,162.06478658133992,76032.39329066996
20.0,162.04792566261494,81023.96283130746
19.938194362686673,162.04792566261494,80523.96283130746
19.876196539794567,162.04792566261494,80023.96283130746
19.814004727283482,162.04792566261494,79523.96283130746
19.751617092711243,162.04792566261494,79023.96283130746
19.689031774603688,162.04792566261494,78523.96283130746
19.62624688180663,162.04792566261494,78023.96283130746
19.56326049281906,162.04792566261494,77523.96283130746
19.50007065510702,162.04792566261494,77023.96283130746
19.43667538439732,162.04792566261494,76523.96283130746
19.373072663950534,162.04792566261494,76023.96283130746
20.0,162.04525845090654,81022.62922545327
19.938193343809424,162.04525845090654,80522.62922545327
19.87619449568384,162.04525845090654,80022.62922545327
19.814001651493296,162.04525845090654,79522.62922545327
19.75161297870393,162.04525845090654,79022.62922545327
19.689026615747967,162.04525845090654,78522.62922545327
19.626240671375612,162.04525845090654,78022.62922545327
19.563253223988198,162.04525845090654,77522.62922545327
19.500062320951976,162.04525845090654,77022.62922545327
19.43666597789182,162.04525845090654,76522.62922545327
19.373062177964115,162.04525845090654,76022.62922545327
20.0,162.04525897615514,81022.62948807757
19.93819334401007,162.04525897615514,80522.62948807757
19.87619449608639,162.04525897615514,80022.62948807757
19.814001652099012,162.04525897615514,79522.62948807757
19.751612979514103,162.04525897615514,79022.62948807757
19.689026616763904,162.04525897615514,78522.62948807757
19.62624067259864,162.04525897615514,78022.62948807757
19.563253225419658,162.04525897615514,77522.62948807757
19.500062322593234,162.04525897615514,77022.62948807757
19.436665979744255,162.04525897615514,76522.62948807757
19.373062180029134,162.04525897615514,76022.62948807757
20.0,162.04028609937342,81020.14304968671
19.938191444277006,162.04028609937342,80520.14304968671
19.876190684768595,162.04028609937342,80020.14304968671
19.8139959171774,162.04028609937342,79520.14304968671
19.751605308798666,162.04028609937342,79020.14304968671
19.689016997890082,162.04028609937342,78520.14304968671
19.62622909302359,162.04028609937342,78020.14304968671
19.563239672418433,162.04028609937342,77520.14304968671
19.50004678325484,162.04028609937342,77020.14304968671
19.436648440967602,162.04028609937342,76520.14304968671
19.37304262851887,162.04028609937342,76020.14304968671
20.0,162.03685571795717,81018.42785897858
19.938190133738306,162.03685571795717,80518.42785897858
19.876188055515048,162.03685571795717,80018.42785897858
19.813991960917384,162.03685571795717,79518.42785897858
19.75160001712262,162.03685571795717,79018.42785897858
19.689010362268032,162.03685571795717,78518.42785897858
19.626221104802564,162.03685571795717,78018.42785897858
19.563230322819827,162.03685571795717,77518.42785897858
19.500036063371695,162.03685571795717,77018.42785897858
19.43663634176182,162.03685571795717,76518.42785897858
19.373029140818325,162.03685571795717,76018.42785897858
20.0,162.03685517497533,81018.42758748766
19.938190133530863,162.03685517497533,80518.42758748766
19.876188055098865,162.03685517497533,80018.42758748766
19.813991960291148,162.03685517497533,79518.42758748766
19.751600016285003,162.03685517497533,79018.42758748766
19.689010361217683,162.03685517497533,78518.42758748766
19.62622110353811,162.03685517497533,78018.42758748766
19.563230321339883,162.03685517497533,77518.42758748766
19.50003606167485,162.03685517497533,77018.42758748766
19.436636339846647,162.03685517497533,76518.42758748766
19.37302913868336,162.03685517497533,76018.42758748766
20.0,162.0399173791714,81019.9586895857
19.93819130341426,162.0399173791714,80519.9586895857
19.876190402164298,162.0399173791714,80019.9586895857
19.813995491940343,162.0399173791714,79519.9586895857
19.75160474002496,162.0399173791714,79019.9586895857
19.689016284662888,162.0399173791714,78519.9586895857
19.626228234412864,162.0399173791714,78019.9586895857
19.563238667480615,162.0399173791714,77519.9586895857
19.500045631032577,162.0399173791714,77019.9586895857
19.436647140489455,162.0399173791714,76519.9586895857
19.37304117879898,162.0399173791714,76019.9586895857
20.0,162.03645115369795,81018.22557684897
19.93818997917541,162.03645115369795,80518.22557684897
19.876187745424964,162.03645115369795,80018.22557684897
19.813991494322195,162.03645115369795,79518.22557684897
19.751599393030506,162.03645115369795,79018.22557684897
19.68900957967297,162.03645115369795,78518.22557684897
19.62622016268402,162.03645115369795,78018.22557684897
19.563229220142457,162.03645115369795,77518.22557684897
19.50003479908501,162.03645115369795,77018.22557684897
19.436634914799864,162.03645115369795,76518.22557684897
19.37302755009934,162.03645115369795,76018.22557684897
20.0,162.0364504006372,81018.2252003186
19.938189978887706,162.0364504006372,80518.2252003186
19.87618774484776,162.0364504006372,80018.2252003186
19.81399149345367,162.0364504006372,79518.2252003186
19.75159939186881,162.0364504006372,79018.2252003186
19.689009578216233,162.0364504006372,78518.2252003186
19.626220160930345,162.0364504006372,78018.2252003186
19.563229218089912,162.0364504006372,77518.2252003186
19.500034796731644,162.0364504006372,77018.2252003186
19.436634912143695,162.0364504006372,76518.2252003186
19.373027547138346,162.0364504006372,76018.2252003186
20.0,162.05130437242983,81025.65218621491
19.93819565330861,162.05130437242983,80525.65218621491
19.876199129089766,162.05130437242983,80025.65218621491
19.814008623417,162.05130437242983,79525.65218621491
19.751622303964243,162.05130437242983,79025.65218621491
19.68903830937591,162.05130437242983,78525.65218621491
19.62625474861892,162.05130437242983,78025.65218621491
19.563269700315978,162.05130437242983,77525.65218621491
19.50008121205949,162.05130437242983,77025.65218621491
19.436687299705422,162.05130437242983,76525.65218621491
19.373085946646302,162.05130437242983,76025.65218621491
20.0,162.04902420993565,81024.51210496783
19.938194782322963,162.04902420993565,80524.51210496783
19.876197381684992,162.04902420993565,80024.51210496783
19.814005994082876,162.04902420993565,79524.51210496783
19.751618787112182,162.04902420993565,79024.51210496783
19.689033899337307,162.04902420993565,78524.51210496783
19.626249439643438,162.04902420993565,78024.51210496783
19.5632634865698,162.04902420993565,77524.51210496783
19.50007408762351,162.04902420993565,77024.51210496783
19.436679258573378,162.04902420993565,76524.51210496783
19.373076982722885,162.04902420993565,76024.51210496783
20.0,162.04903207797244,81024.51603898621
19.93819478532847,162.04903207797244,80524.51603898621
19.876197387714754,162.04903207797244,80024.51603898621
19.81400600315591,162.04903207797244,79524.51603898621
19.75161879924777,162.04903207797244,79024.51603898621
19.68903391455501,162.04903207797244,78524.51603898621
19.6262494579631,162.04903207797244,78024.51603898621
19.56326350801155,162.04903207797244,77524.51603898621
19.500074112207773,162.04903207797244,77024.51603898621
19.436679286320885,162.04903207797244,76524.51603898621
19.37307701365467,162.04903207797244,76024.51603898621
20.0,161.9533627147901,80976.68135739505
19.93815821902735,161.9533627147901,80476.68135739505
19.876124026930803,161.9533627147901,79976.68135739505
19.8138956164835,161.9533627147901,79476.68135739505
19.751471151989467,161.9533627147901,78976.68135739505
19.688848768651766,161.9533627147901,78476.68135739505
19.6260265719225,161.9533627147901,77976.68135739505
19.563002636834057,161.9533627147901,77476.68135739505
19.499775007310834,161.9533627147901,76976.68135739505
19.43634169546091,161.9533627147901,76476.68135739505
19.372700680846755,161.9533627147901,75976.68135739505
20.0,161.96104645815544,80980.52322907772
19.938161157470095,161.96104645815544,80480.52322907772
19.87612992215785,161.96104645815544,79980.52322907772
19.81390448709562,161.96104645815544,79480.52322907772
19.75148301685211,161.96104645815544,78980.52322907772
19.688863646900668,161.96104645815544,78480.52322907772
19.626044482969462,161.96104645815544,77980.52322907772
19.563023600372855,161.96104645815544,77480.52322907772
19.49979904332336,161.96104645815544,76980.52322907772
19.436368824223415,161.96104645815544,76480.52322907772
19.372730922936327,161.96104645815544,75980.52322907772
20.0,161.95883011029525,80979.41505514762
19.93816030991562,161.95883011029525,80479.41505514762
19.876128221758606,161.95883011029525,79979.41505514762
19.813901928486562,161.95883011029525,79479.41505514762
19.751479594591846,161.95883011029525,78979.41505514762
19.688859355469848,161.95883011029525,78479.41505514762
19.626039316769116,161.95883011029525,77979.41505514762
19.563017553722677,161.95883011029525,77479.41505514762
19.49979211045995,161.95883011029525,76979.41505514762
19.436360999298472,161.95883011029525,76479.41505514762
19.372722200014774,161.95883011029525,75979.41505514762
49.99999999999999,1012.9104719136557,506455.2359568278
49.97531255320274,1012.9104719136557,505955.2359568278
49.950612904954504,1012.9104719136557,505455.2359568278
49.925901037146154,1012.9104719136557,504955.2359568278
49.901176931623716,1012.9104719136557,504455.2359568278
49.87644057018824,1012.9104719136557,503955.2359568278
49.85169193459559,1012.9104719136557,503455.2359568278
49.82693100655636,1012.9104719136557,502955.2359568278
49.80215776773563,1012.9104719136557,502455.2359568278
49.77737219975292,1012.9104719136557,501955.2359568278
49.752574284181904,1012.9104719136557,501455.2359568278
49.99999999999999,1012.9049098084788,506452.4549042394
49.975312417604535,1012.9049098084788,505952.4549042394
49.95061263362398,1012.9049098084788,505452.4549042394
49.92590062994892,1012.9049098084788,504952.4549042394
49.90117638842507,1012.9049098084788,504452.4549042394
49.87643989085318,1012.9049098084788,503952.4549042394
49.85169111898882,1012.9049098084788,503452.4549042394
49.82693005454226,1012.9049098084788,502952.4549042394
49.80215667917831,1012.9049098084788,502452.4549042394
49.77737097451615,1012.9049098084788,501952.4549042394
49.752572922129175,1012.9049098084788,501452.4549042394
49.99999999999999,1012.9049161333745,506452.4580666873
49.97531241775872,1012.9049161333745,505952.4580666873
49.95061263393252,1012.9049161333745,505452.4580666873
49.92590063041197,1012.9049161333745,504952.4580666873
49.901176389042774,1012.9049161333745,504452.4580666873
49.87643989162569,1012.9049161333745,503952.4580666873
49.85169111991628,1012.9049161333745,503452.4580666873
49.82693005562484,1012.9049161333745,502952.4580666873
49.80215668041616,1012.9049161333745,502452.4580666873
49.77737097590942,1012.9049161333745,501952.4580666873
49.752572923678024,1012.9049161333745,501452.4580666873
49.99999999999999,1012.7995353913435,506399.76769567176
49.975309848406845,1012.7995353913435,505899.76769567176
49.950607492687624,1012.7995353913435,505399.76769567176
49.925892914727235,1012.7995353913435,504899.76769567176
49.90116609636575,1012.7995353913435,504399.76769567176
49.876427019398186,1012.7995353913435,503899.76769567176
49.851675665574405,1012.7995353913435,503399.76769567176
49.82691201659897,1012.7995353913435,502899.76769567176
49.802136054130905,1012.7995353913435,502399.76769567176
49.77734775978363,1012.7995353913435,501899.76769567176
49.752547115124734,1012.7995353913435,501399.76769567176
49.99999999999999,1012.7828653181658,506391.43265908293
49.975309441914675,1012.7828653181658,505891.43265908293
49.950606679301224,1012.7828653181658,505391.43265908293
49.92589169404367,1012.7828653181658,504891.43265908293
49.901164467981154,1012.7828653181658,504391.43265908293
49.87642498290782,1012.7828653181658,503891.43265908293
49.85167322057263,1012.7828653181658,503391.43265908293
49.82690916267919,1012.7828653181658,502891.43265908293
49.80213279088568,1012.7828653181658,502391.43265908293
49.77734408680456,1012.7828653181658,501891.43265908293
49.75254303200253,1012.7828653181658,501391.43265908293
49.99999999999999,1012.7828686009697,506391.43430048483
49.975309441994725,1012.7828686009697,505891.43430048483
49.95060667946141,1012.7828686009697,505391.43430048483
49.92589169428406,1012.7828686009697,504891.43430048483
49.90116446830184,1012.7828686009697,504391.43430048483
49.876424983308866,1012.7828686009697,503891.43430048483
49.85167322105412,1012.7828686009697,503391.43430048483
49.826909163241226,1012.7828686009697,502891.43430048483
49.802132791528315,1012.7828686009697,502391.43430048483
49.77734408752789,1012.7828686009697,501891.43430048483
49.75254303280662,1012.7828686009697,501391.43430048483
49.99999999999999,1012.7517881210839,506375.89406054193
49.975308684075586,1012.7517881210839,505875.89406054193
49.950605162873465,1012.7517881210839,505375.89406054193
49.925889418275986,1012.7517881210839,504875.89406054193
49.90116143212063,1012.7517881210839,504375.89406054193
49.87642118619984,1012.7517881210839,503875.89406054193
49.8516686622609,1012.7517881210839,503375.89406054193
49.826903842005734,1012.7517881210839,502875.89406054193
49.80212670709081,1012.7517881210839,502375.89406054193
49.77733723912689,1012.7517881210839,501875.89406054193
49.752535419678956,1012.7517881210839,501375.89406054193
49.99999999999999,1012.7303482372325,506365.17411861627
49.97530816122197,1012.7303482372325,505865.17411861627
49.95060411664907,1012.7303482372325,505365.17411861627
49.92588784816248,1012.7303482372325,504865.17411861627
49.90115933759854,1012.7303482372325,504365.17411861627
49.876418566748534,1012.7303482372325,503865.17411861627
49.85166551735857,1012.7303482372325,503365.17411861627
49.82690017112942,1012.7303482372325,502865.17411861627
49.802122509716355,1012.7303482372325,502365.17411861627
49.77733251472899,1012.7303482372325,501865.17411861627
49.75253016773112,1012.7303482372325,501365.17411861627
49.99999999999999,1012.7303448435958,506365.17242179794
49.9753081611392,1012.7303448435958,505865.17242179794
49.95060411648346,1012.7303448435958,505365.17242179794
49.92588784791395,1012.7303448435958,504865.17242179794
49.901159337267,1012.7303448435958,504365.17242179794
49.876418566333896,1012.7303448435958,503865.17242179794
49.85166551686076,1012.7303448435958,503365.17242179794
49.826900170548356,1012.7303448435958,502865.17242179794
49.802122509051955,1012.7303448435958,502365.17242179794
49.777332513981165,1012.7303448435958,501865.17242179794
49.752530166899795,1012.7303448435958,501365.17242179794
49.99999999999999,1012.7494836198214,506374.7418099107
49.97530862787686,1012.7494836198214,505874.7418099107
49.950605050420435,1012.7494836198214,505374.7418099107
49.92588924951294,1012.7494836198214,504874.7418099107
49.90116120699173,1012.7494836198214,504374.7418099107
49.87642090464913,1012.7494836198214,503874.7418099107
49.85166832423228,1012.7494836198214,503374.7418099107
49.826903447443016,1012.7494836198214,502874.7418099107
49.80212625593763,1012.7494836198214,502374.7418099107
49.777336731326805,1012.7494836198214,501874.7418099107
49.752534855175384,1012.7494836198214,501374.7418099107
49.99999999999999,1012.7278197106123,506363.90985530615
49.97530809955743,1012.7278197106123,505863.90985530615
49.950603993258994,1012.7278197106123,505363.90985530615
49.925887662985744,1012.7278197106123,504863.90985530615
49.90115909057387,1012.7278197106123,504363.90985530615
49.87641825781452,1012.7278197106123,503863.90985530615
49.851665146453676,1012.7278197106123,503363.90985530615
49.82689973819197,1012.7278197106123,502863.90985530615
49.802122014684535,1012.7278197106123,502363.90985530615
49.777331957540845,1012.7278197106123,501863.90985530615
49.75252954832456,1012.7278197106123,501363.90985530615
49.99999999999999,1012.7278150039826,506363.9075019913
49.97530809944265,1012.7278150039826,505863.9075019913
49.95060399302931,1012.7278150039826,505363.9075019913
49.92588766264105,1012.7278150039826,504863.9075019913
49.90115909011405,1012.7278150039826,504363.9075019913
49.876418257239465,1012.7278150039826,503863.9075019913
49.85166514576327,1012.7278150039826,503363.9075019913
49.8268997373861,1012.7278150039826,502863.9075019913
49.802122013763075,1012.7278150039826,502363.9075019913
49.77733195650368,1012.7278150039826,501863.9075019913
49.752529547171584,1012.7278150039826,501363.9075019913
49.99999999999999,1012.8206523276864,506410.3261638432
49.97531036331455,1012.8206523276864,505910.3261638432
49.95060852301229,1012.8206523276864,505410.3261638432
49.9258944609793,1012.8206523276864,504910.3261638432
49.90116815905673,1012.8206523276864,504410.3261638432
49.87642959904078,1012.8206523276864,503910.3261638432
49.85167876268247,1012.8206523276864,503410.3261638432
49.82691563168746,1012.8206523276864,502910.3261638432
49.802140187715985,1012.8206523276864,502410.3261638432
49.777352412382584,1012.8206523276864,501910.3261638432
49.75255228725602,1012.8206523276864,501410.3261638432
49.99999999999999,1012.806401312098,506403.200656049
49.975310015825315,1012.806401312098,505903.200656049
49.95060782769015,1012.806401312098,505403.200656049
49.92589341747979,1012.806401312098,504903.200656049
49.901166767034645,1012.806401312098,504403.200656049
49.87642785815012,1012.806401312098,503903.200656049
49.85167667257646,1012.806401312098,503403.200656049
49.82691319201858,1012.806401312098,502903.200656049
49.80213739813589,1012.806401312098,502403.200656049
49.77734927254218,1012.806401312098,501903.200656049
49.75254879680544,1012.806401312098,501403.200656049
49.99999999999999,1012.8064504873278,506403.2252436639
49.9753100170244,1012.8064504873278,505903.2252436639
49.950607830089496,1012.8064504873278,505403.2252436639
49.92589342108059,1012.8064504873278,504903.2252436639
49.901166771838085,1012.8064504873278,504403.2252436639
49.87642786415741,1012.8064504873278,503903.2252436639
49.85167667978878,1012.8064504873278,503403.2252436639
49.82691320043713,1012.8064504873278,502903.2252436639
49.80213740776188,1012.8064504873278,502403.2252436639
49.77734928337683,1012.8064504873278,501903.2252436639
49.75254880884993,1012.8064504873278,501403.2252436639
49.99999999999999,1012.2085169674382,506104.2584837191
49.97529542851115,1012.2085169674382,505604.2584837191
49.950578638629764,1012.2085169674382,505104.2584837191
49.92584961220894,1012.2085169674382,504604.2584837191
49.901108331056854,1012.2085169674382,504104.2584837191
49.87635477693654,1012.2085169674382,503604.2584837191
49.85158893156574,1012.2085169674382,503104.2584837191
49.826810776616796,1012.2085169674382,502604.2584837191
49.80202029371644,1012.2085169674382,502104.2584837191
49.777217464445634,1012.2085169674382,501604.2584837191
49.752402270339466,1012.2085169674382,501104.2584837191
49.99999999999999,1012.2565403634716,506128.2701817358
49.97529660083319,1012.2565403634716,505628.2701817358
49.950580984433984,1012.2565403634716,505128.2701817358
49.92585313265811,1012.2565403634716,504628.2701817358
49.9011130273163,1012.2565403634716,504128.2701817358
49.876360650174206,1012.2565403634716,503628.2701817358
49.8515959829522,1012.2565403634716,503128.2701817358
49.82681900732521,1012.2565403634716,502628.2701817358
49.80202970492261,1012.2565403634716,502128.2701817358
49.77722805732802,1012.2565403634716,501628.2701817358
49.75241404607914,1012.2565403634716,501128.2701817358
49.99999999999999,1012.2426881893454,506121.3440946727
49.975296262692574,1012.2426881893454,505621.3440946727
49.950580307818136,1012.2426881893454,505121.3440946727
49.92585211723164,1012.2426881893454,504621.3440946727
49.901111672743106,1012.2426881893454,504121.3440946727
49.87635895611739,1012.2426881893454,503621.3440946727
49.85159394907416,1012.2426881893454,503121.3440946727
49.82681663328756,1012.2426881893454,502621.3440946727
49.8020269903862,1012.2426881893454,502121.3440946727
49.77722500195296,1012.2426881893454,501621.3440946727
49.75241064952476,1012.2426881893454,501121.3440946727
99.99999999999999,4051.6418876546227,2025820.9438273113
99.98765856239609,4051.6418876546227,2025320.9438273113
99.97531560130534,4051.6418876546227,2024820.9438273113
99.96297111616336,4051.6418876546227,2024320.9438273113
99.95062510640548,4051.6418876546227,2023820.9438273113
99.93827757146667,4051.6418876546227,2023320.9438273113
99.92592851078153,4051.6418876546227,2022820.9438273113
99.91357792378435,4051.6418876546227,2022320.9438273113
99.90122580990901,4051.6418876546227,2021820.9438273113
99.8888721685891,4051.6418876546227,2021320.9438273113
99.87651699925782,4051.6418876546227,2020820.9438273113
99.99999999999999,4051.619639233915,2025809.8196169576
99.9876584946221,4051.619639233915,2025309.8196169576
99.97531546574062,4051.619639233915,2024809.8196169576
99.96297091279116,4051.619639233915,2024309.8196169576
99.95062483520907,4051.619639233915,2023809.8196169576
99.93827723242927,4051.619639233915,2023309.8196169576
99.92592810388636,4051.619639233915,2022809.8196169576
99.91357744901464,4051.619639233915,2022309.8196169576
99.90122526724797,4051.619639233915,2021809.8196169576
99.88887155801991,4051.619639233915,2021309.8196169576
99.87651632076371,4051.619639233915,2020809.8196169576
99.99999999999999,4051.619664533498,2025809.832266749
99.98765849469918,4051.619664533498,2025309.832266749
99.97531546589477,4051.619664533498,2024809.832266749
99.96297091302243,4051.619664533498,2024309.832266749
99.95062483551744,4051.619664533498,2023809.832266749
99.9382772328148,4051.619664533498,2023309.832266749
99.92592810434907,4051.619664533498,2022809.832266749
99.91357744955451,4051.619664533498,2022309.832266749
99.90122526786504,4051.619664533498,2021809.832266749
99.88887155871424,4051.619664533498,2021309.832266749
99.87651632153525,4051.619664533498,2020809.832266749
99.99999999999999,4051.198141565374,2025599.070782687
99.98765721049908,4051.198141565374,2025099.070782687
99.97531289717747,4051.198141565374,2024599.070782687
99.96296705947063,4051.198141565374,2024099.070782687
99.95061969681369,4051.198141565374,2023599.070782687
99.93827080864143,4051.198141565374,2023099.070782687
99.92592039438827,4051.198141565374,2022599.070782687
99.91356845348831,4051.198141565374,2022099.070782687
99.90121498537525,4051.198141565374,2021599.070782687
99.88885998948248,4051.198141565374,2021099.070782687
99.87650346524305,4051.198141565374,2020599.070782687
99.99999999999999,4051.1314612726633,2025565.7306363317
99.9876570073283,4051.1314612726633,2025065.7306363317
99.9753124907857,4051.1314612726633,2024565.7306363317
99.9629664498077,4051.1314612726633,2024065.7306363317
99.95061888382935,4051.1314612726633,2023565.7306363317
99.93826979228542,4051.1314612726633,2023065.7306363317
99.92591917461033,4051.1314612726633,2022565.7306363317
99.91356703023811,4051.1314612726633,2022065.7306363317
99.90121335860245,4051.1314612726633,2021565.7306363317
99.88885815913673,4051.1314612726633,2021065.7306363317
99.87650143127392,4051.1314612726633,2020565.7306363317
99.99999999999999,4051.1314744038787,2025565.7372019393
99.9876570073683,4051.1314744038787,2025065.7372019393
99.97531249086573,4051.1314744038787,2024565.7372019393
99.96296644992775,4051.1314744038787,2024065.7372019393
99.95061888398945,4051.1314744038787,2023565.7372019393
99.93826979248558,4051.1314744038787,2023065.7372019393
99.92591917485055,4051.1314744038787,2022565.7372019393
99.91356703051838,4051.1314744038787,2022065.7372019393
99.90121335892282,4051.1314744038787,2021565.7372019393
99.88885815949718,4051.1314744038787,2021065.7372019393
99.87650143167448,4051.1314744038787,2020565.7372019393
99.99999999999999,4051.0071524843356,2025503.5762421677
99.9876566285491,4051.0071524843356,2025003.5762421677
99.97531173313381,4051.0071524843356,2024503.5762421677
99.96296531318949,4051.0071524843356,2024003.5762421677
99.95061736815117,4051.0071524843356,2023503.5762421677
99.9382678974536,4051.0071524843356,2023003.5762421677
99.92591690053109,4051.0071524843356,2022503.5762421677
99.91356437681765,4051.0071524843356,2022003.5762421677
99.90121032574693,4051.0071524843356,2021503.5762421677
99.88885474675223,4051.0071524843356,2021003.5762421677
99.8764976392665,4051.0071524843356,2020503.5762421677
99.99999999999999,4050.92139294893,2025460.696474465
99.98765636721915,4050.92139294893,2024960.696474465
99.97531121040933,4050.92139294893,2024460.696474465
99.96296452900593,4050.92139294893,2023960.696474465
99.95061632244393,4050.92139294893,2023460.696474465
99.93826659015804,4050.92139294893,2022960.696474465
99.9259153315825,4050.92139294893,2022460.696474465
99.91356254615135,4050.92139294893,2021960.696474465
99.90120823329814,4050.92139294893,2021460.696474465
99.88885239245616,4050.92139294893,2020960.696474465
99.87649502305833,4050.92139294893,2020460.696474465
99.99999999999999,4050.9213793743834,2025460.6896871917
99.98765636717778,4050.9213793743834,2024960.6896871917
99.9753112103266,4050.9213793743834,2024460.6896871917
99.9629645288818,4050.9213793743834,2023960.6896871917
99.9506163222784,4050.9213793743834,2023460.6896871917
99.9382665899511,4050.9213793743834,2022960.6896871917
99.92591533133415,4050.9213793743834,2022460.6896871917
99.91356254586157,4050.9213793743834,2021960.6896871917
99.90120823296692,4050.9213793743834,2021460.6896871917
99.8888523920835,4050.9213793743834,2020960.6896871917
99.8764950226442,4050.9213793743834,2020460.6896871917
99.99999999999999,4050.9979344792855,2025498.9672396427
99.98765660046016,4050.9979344792855,2024998.9672396427
99.97531167694896,4050.9979344792855,2024498.9672396427
99.96296522890181,4050.9979344792855,2023998.9672396427
99.95061725575373,4050.9979344792855,2023498.9672396427
99.93826775693942,4050.9979344792855,2022998.9672396427
99.92591673189325,4050.9979344792855,2022498.9672396427
99.91356418004919,4050.9979344792855,2021998.9672396427
99.90121010084087,4050.9979344792855,2021498.9672396427
99.88885449370163,4050.9979344792855,2020998.9672396427
99.87649735806437,4050.9979344792855,2020498.9672396427
99.99999999999999,4050.911278842449,2025455.6394212246
99.98765633639829,4050.911278842449,2024955.6394212246
99.97531114876003,4050.911278842449,2024455.6394212246
99.96296443652054,4050.911278842449,2023955.6394212246
99.95061619911486,4050.911278842449,2023455.6394212246
99.93826643597762,4050.911278842449,2022955.6394212246
99.92591514654316,4050.911278842449,2022455.6394212246
99.91356233024541,4050.911278842449,2021955.6394212246
99.90120798651799,4050.911278842449,2021455.6394212246
99.88885211479415,4050.911278842449,2020955.6394212246
99.8764947145068,4050.911278842449,2020455.6394212246
99.99999999999999,4050.9112600159306,2025455.6300079653
99.98765633634092,4050.9112600159306,2024955.6300079653
99.97531114864528,4050.9112600159306,2024455.6300079653
99.96296443634839,4050.9112600159306,2023955.6300079653
99.9506161988853,4050.9112600159306,2023455.6300079653
99.93826643569062,4050.9112600159306,2022955.6300079653
99.92591514619872,4050.9112600159306,2022455.6300079653
99.91356232984351,4050.9112600159306,2021955.6300079653
99.90120798605862,4050.9112600159306,2021455.6300079653
99.88885211427731,4050.9112600159306,2020955.6300079653
99.87649471393246,4050.9112600159306,2020455.6300079653
99.99999999999999,4051.2826093107456,2025641.3046553729
99.98765746785757,4051.2826093107456,2025141.3046553729
99.975313411958,4051.2826093107456,2024641.3046553729
99.96296783173678,4051.2826093107456,2024141.3046553729
99.9506207266291,4051.2826093107456,2023641.3046553729
99.93827209606974,4051.2826093107456,2023141.3046553729
99.9259219394932,4051.2826093107456,2022641.3046553729
99.91357025633354,4051.2826093107456,2022141.3046553729
99.90121704602458,4051.2826093107456,2021641.3046553729
99.88886230799973,4051.2826093107456,2021141.3046553729
99.87650604169202,4051.2826093107456,2020641.3046553729
99.99999999999999,4051.225605248392,2025612.802624196
99.98765729417731,4051.225605248392,2025112.802624196
99.97531306455458,4051.225605248392,2024612.802624196
99.96296731056731,4051.225605248392,2024112.802624196
99.95062003165063,4051.225605248392,2023612.802624196
99.93827122723934,4051.225605248392,2023112.802624196
99.92592089676783,4051.225605248392,2022612.802624196
99.91356903967026,4051.225605248392,2022112.802624196
99.9012156553803,4051.225605248392,2021612.802624196
99.8888607433314,4051.225605248392,2021112.802624196
99.87650430295659,4051.225605248392,2020612.802624196
99.99999999999999,4051.225801949311,2025612.9009746555
99.98765729477664,4051.225801949311,2025112.9009746555
99.97531306575338,4051.225801949311,2024612.9009746555
99.96296731236572,4051.225801949311,2024112.9009746555
99.9506200340488,4051.225801949311,2023612.9009746555
99.9382712302374,4051.225801949311,2023112.9009746555
99.92592090036597,4051.225801949311,2022612.9009746555
99.91356904386859,4051.225801949311,2022112.9009746555
99.90121566017899,4051.225801949311,2021612.9009746555
99.88886074873061,4051.225801949311,2021112.9009746555
99.87650430895643,4051.225801949311,2020612.9009746555
99.99999999999999,4048.8340678697527,2024417.0339348763
99.98765000322273,4048.8340678697527,2023917.0339348763
99.97529848084443,4048.8340678697527,2023417.0339348763
99.96294543229958,4048.8340678697527,2022917.0339348763
99.9505908570223,4048.8340678697527,2022417.0339348763
99.93823475444641,4048.8340678697527,2021917.0339348763
99.92587712400531,4048.8340678697527,2021417.0339348763
99.9135179651321,4048.8340678697527,2020917.0339348763
99.90115727725953,4048.8340678697527,2020417.0339348763
99.88879505981996,4048.8340678697527,2019917.0339348763
99.87643131224543,4048.8340678697527,2019417.0339348763
99.99999999999999,4049.0261614538863,2024513.0807269432
99.9876505891665,4049.0261614538863,2024013.0807269432
99.97529965287674,4049.0261614538863,2023513.0807269432
99.9629471905653,4049.0261614538863,2023013.0807269432
99.95059320166638,4049.0261614538863,2022513.0807269432
99.93823768561383,4049.0261614538863,2022013.0807269432
99.9258806418412,4049.0261614538863,2021513.0807269432
99.91352206978164,4049.0261614538863,2021013.0807269432
99.90116196886797,4049.0261614538863,2020513.0807269432
99.88880033853266,4049.0261614538863,2020013.0807269432
99.87643717820782,4049.0261614538863,2019513.0807269432
99.99999999999999,4048.9707527573814,2024485.3763786908
99.98765042015886,4048.9707527573814,2023985.3763786908
99.9752993148197,4048.9707527573814,2023485.3763786908
99.96294668341706,4048.9707527573814,2022985.3763786908
99.95059252538515,4048.9707527573814,2022485.3763786908
99.93823684015778,4048.9707527573814,2021985.3763786908
99.92587962716848,4048.9707527573814,2021485.3763786908
99.91352088585037,4048.9707527573814,2020985.3763786908
99.90116061563627,4048.9707527573814,2020485.3763786908
99.8887988159586,4048.9707527573814,2019985.3763786908
99.87643548624943,4048.9707527573814,2019485.3763786908
