0,1,2
0.45032232146318946,0.24240715302011961,0.2423016928517259
0.013120127950359536,5.7275457227470156e-06,0.0022438770268116
0.1226265458336117,0.030303396585781066,0.03221751549325991
0.12398228834083012,0.03030263329881676,0.03271412382105866
0.4514060959689779,0.24226651717618886,0.24315614618101222
0.11920039714952908,0.0303095965982905,0.03098027579581711
0.12194581180104637,0.030309596345998162,0.03197501497732011
0.4508638510989134,0.24226306376211132,0.2426553316384687
0.4524889302130188,0.24239773253569336,0.2442817746609538
0.011743194298925064,6.944627352512001e-06,0.001996406223451661
0.004571626800300266,6.1043323630396995e-06,0.0007521437266886939
0.9990535107896747,0.9998417574488602,0.9981013569660803
1.0,0.9998394593555703,0.9998398585958445
0.9998648577845994,0.9999944596683062,0.9997457885879802
0.12398228834083012,0.030305668924322654,0.032717151897423566
0.014480074383433877,5.17858752692793e-06,0.002492014292083672
0.12126224668695725,0.030302532251246468,0.031719283591610456
0.0074997309274635465,5.203802484076217e-06,0.001248615152875143
0.0045712387248482145,5.727512985992736e-06,0.0007517678444043784
0.11781331590217324,0.030302532251246468,0.03047585930015056
0.9986475897740164,0.9998178509922057,0.9973314553862876
0.11781380150539643,0.030305666962782987,0.030478986216134134
0.9994592784403205,0.99989626781911,0.9989017863521693
0.11850755867487565,0.030302532251246468,0.03072454415844254
0.9986478263736023,0.9999944533609978,0.9975076185717292
0.00457249202130737,6.944564279427051e-06,0.0007529818690755301
0.45032111165214156,0.24226651717618886,0.24216140674784434
0.9990534883748547,0.9998178509922057,0.9980775099611637
0.006045826394583273,5.203802484076217e-06,0.000999930294583163
0.006046282022276792,5.7275457227470156e-06,0.001000452735351702
0.12398228834083012,0.030302633163448757,0.03271412368602729
0.44977926633862025,0.2424018884656478,0.24179907167281994
0.006041713758973055,4.788986058094913e-07,0.00099521714082541
0.9993240038032642,0.9998178509922057,0.9985748796777475
0.9998647712172664,0.999347886793636,0.9991008236421471
0.12194581181382246,0.0303095965982905,0.031975015228985035
0.4511356827756166,0.24238400939921684,0.24302466136037987
0.45032212245438147,0.24238400822583128,0.24227860561503642
0.9987822812847287,0.999299996933055,0.9970635740100623
0.45086491514114796,0.24242816039485637,0.24282001770088657
0.9987823224152783,0.9993340731373258,0.9970975654719728
0.4522185491108252,0.24238463892709555,0.24402002875588602
0.014480074383433877,4.788986058094913e-07,0.0024873262905772894
0.4516774467275409,0.24240360017293455,0.24354157313139368
0.12194561289710885,0.030305668924322654,0.03197109732254763
0.001553910043729359,5.9627088605501005e-06,0.00025463273879845066
0.11988954094367003,0.030304728140824418,0.031224104303759558
0.4503221224644716,0.24238400939921684,0.24227860678550395
0.9998648341500986,0.9998178509922057,0.9995696191109155
0.003073647813974595,5.417605158051023e-06,0.0005027738489783006
0.45086387337032835,0.24226651717618886,0.2426587764644283
0.4511358069645551,0.24240715302011961,0.24304774742660185
0.00749986730734295,5.39462422515305e-06,0.001248805500071443
0.00893328914936678,5.17858752692793e-06,0.0014972748589157543
0.9998648341507268,0.9998178556857479,0.9995696237927857
0.008933303348645755,5.2037686420758344e-06,0.0014972999774092843
0.4500494121255943,0.24225454471104363,0.24190077919811506
0.013120056975245209,5.2037686420758344e-06,0.002243354552285224
0.45140678979391075,0.24242816039485637,0.2433173874174705
0.9991888119176429,0.9998893719514718,0.9983975379169255
0.9987830176671855,0.999910430169359,0.9976724891913377
0.44977908076090806,0.24238463977314556,0.24178186587520423
0.4519480343524746,0.24238463892709555,0.24377134389759403
0.014480074383433877,6.944564279427051e-06,0.0024937758771193877
0.12330513932427135,0.03028373368330369,0.03244658634773566
9.093221437370125e-06,5.893750184166394e-06,5.879093319873831e-06
0.0015538158813643427,5.893750184166394e-06,0.00025456395161185287
0.011741287174619558,0.0,0.0019894788663358375
0.9997296573967018,0.9998394593555703,0.9993424888792605
0.9994593310140885,0.9999944533609978,0.9989997277214812
0.45032251396829664,0.24242954547777978,0.2423240296227345
0.011741418774448897,4.788986058094913e-07,0.0019899565739933296
0.45005066583897796,0.24238400822583128,0.24202992075674443
0.4505936180598548,0.24240715302011961,0.24255037771001786
0.013119416390398556,4.788986058094913e-07,0.0022386414322853095
0.4497792847533963,0.24240360017293455,0.24180077912334982
0.9997296663083941,0.999872748231654,0.9993756949709499
0.12126239547468144,0.030304728271771435,0.03172147415096489
0.11711734250356061,0.030305666962782987,0.030230301357842156
0.45194804581067677,0.2423899848399949,0.24377667651601742
0.008934284782663518,6.944564279427051e-06,0.0014990364439514698
0.4524889302130188,0.24238400939921684,0.24426808565183977
0.12194556525207247,0.030304728271771435,0.03197015900925687
0.12398228834083012,0.030281818088880454,0.03269336037539769
0.11850497712286016,0.03028373368330369,0.03070579233969181
0.12330551706134037,0.03030623541833262,0.032469032124356714
0.4514066030768213,0.24238463977314556,0.24327397502495612
0.451948127617049,0.24242815881802932,0.24381475556114868
0.11711345755435938,0.030283181137051286,0.03020787145095431
0.11988969509260093,0.03030623541833262,0.03122560783289682
0.12057687437034346,0.030302532251246468,0.03147059873331848
0.9987823390878015,0.999347886793636,0.9971113447758114
0.0015553263298064834,7.0000306694496806e-06,0.00025566748094507825
0.11919981444962542,0.030304728140824418,0.03097541944546758
0.014480074383433877,6.944627352512001e-06,0.0024937759400356207
0.12330557344936043,0.0303095965982905,0.03247238494556899
0.4514066844307915,0.24240360017293455,0.2432928882731017
1.0,0.9998203737972627,0.9998208205004305
0.9991883766184513,0.999347886793636,0.9978573993506873
0.45059354722278205,0.24239773253569336,0.24254098065290997
0.9993236889835584,0.999347886793636,0.9981060842089792
0.12057749331344951,0.030309818211558245,0.03147786657455018
0.11988960894926469,0.03030539308961712,0.031224767598925295
0.007499730903276283,5.2037686420758344e-06,0.0012486151191173026
0.4524889302130188,0.24239773335411224,0.24428177547733743
0.45194808260494085,0.24240715302011961,0.24379380200147777
0.4511357117590416,0.24238941031667244,0.2430300488465716
0.11781333155680825,0.03030263329881676,0.030475960096430835
0.003067742575749252,4.788986058094913e-07,0.0004978474242414502
0.9993240198098925,0.9998417574488602,0.9985987266826643
0.12194447325643774,0.030283181137051286,0.03194866545899816
9.198790839992643e-06,5.962218475633399e-06,5.947391341068128e-06
0.0015531656726188031,5.417605158051023e-06,0.0002540889906863207
0.45113575641687714,0.24239773253569336,0.2430383503694939
0.9987829090897884,0.9998203771814628,0.9975826601515868
0.12262652013728288,0.03030263329881676,0.03221675410447469
0.01174277517799803,5.417605158051023e-06,0.001994882998730182
0.998783000533721,0.9998962187806187,0.9976583131441691
0.013119397653144765,3.407620427081648e-07,0.002238503639246924
0.11919966605693623,0.03030348850951265,0.03097418289693119
0.12057711742570025,0.03030539308961712,0.03147345245721728
0.014480074383433877,5.2037686420758344e-06,0.002492039410577202
0.9997296522879893,0.9998203771814628,0.9993234541596306
0.004570673347759055,5.17858752692793e-06,0.0007512202840398146
0.008933289122900465,5.178540591503633e-06,0.0014972748120970526
0.9995944744276388,0.9998727515053297,0.9991270133781923
0.12194545912463066,0.030302633163448757,0.031968069111151354
0.11919989404493263,0.03030539308961712,0.030976082740633317
0.014480074383433877,7.0000306694496806e-06,0.0024938312055728957
0.9997295220286493,0.9993340731373258,0.9988383594800169
0.9986478263820506,0.9999944596683062,0.9975076248633524
0.9986475931544785,0.9998203737972627,0.9973339719175106
0.4508647191446445,0.24239773335411224,0.24278966632758553
0.12194545913148809,0.03030263329881676,0.031968069246182715
0.9994593310174651,0.9999944596683062,0.9989997340131044
0.006045804457718892,5.17858752692793e-06,0.0009999051423317945
0.11850852817181255,0.0303095965982905,0.030731590937525134
0.9998648446451819,0.99989626781911,0.9996478409270452
0.4511359196621794,0.24242815881802932,0.24306870098627276
0.45032250206190777,0.24242816039485637,0.24232264798430259
0.11711696631742079,0.03030348850951265,0.030228128322055247
0.11711680120538863,0.030302532438988165,0.030227174629133383
0.4503222909166698,0.24240360017293455,0.24229814883993378
0.013120159747601931,5.962218475633399e-06,0.002244111115968889
0.9991887985634347,0.9998727515053297,0.9983809588033165
0.45140662354709066,0.24238941031667244,0.24327873370486358
0.9995944523784992,0.9998178509922057,0.9990722493943315
0.4500495281200016,0.24226651717618886,0.24191272188955235
0.1198871965072578,0.030281818088880454,0.031201251225645803
0.12126231147864909,0.03030348850951265,0.03172023747180713
0.9993241220299431,0.9999944533609978,0.998751042863189
0.11711695044266703,0.030303396585781066,0.030228036626924065
0.1226265167417278,0.030302532438988165,0.03221665349546922
0.45167742785553383,0.24239773253569336,0.24353572008607788
0.011742860248609835,5.727512985992736e-06,0.001995192135864278
0.11850798891884044,0.030305666962782987,0.03072767107442612
0.11850471392320151,0.030281818088880454,0.030703881509061847
0.4519480330006243,0.24238400822583128,0.2437707147647883
0.11850786008915422,0.030304728271771435,0.03072673471779697
0.003067577316926265,3.407620427081648e-07,0.0004977096312030679
0.9986469412177745,0.9993340731373258,0.9968488806136809
0.9994592492481511,0.9998417574488602,0.9988474115409564
0.0030736203497460507,5.39462422515305e-06,0.000502750925195505
0.00893359868272979,5.7275457227470156e-06,0.0014978224519356601
0.9998648585258956,0.9999999999999999,0.999751315141708
0.4519480713226575,0.2424018884656478,0.24378855053915577
0.013120082838244382,5.39462422515305e-06,0.0022435449332393626
0.9990535398452163,0.999872748231654,0.9981322706794901
0.9991887544525768,0.9998178556857479,0.9983261995013258
0.45059256000169595,0.24226651717618886,0.2424100916061363
0.45086471913937215,0.24239773253569336,0.24278966551120196
0.010345401234562873,4.788986058094913e-07,0.0017412717157013497
0.11919965505264456,0.030303396585781066,0.0309740912018
0.45086475693957834,0.24240360017293455,0.24279551855651776
0.4508646347874727,0.24238463977314556,0.24277660530837214
0.999594244279957,0.999299996933055,0.998555683159814
0.00604648615861543,5.962218475633399e-06,0.0010006868245089878
0.010347363044462515,5.178540591503633e-06,0.0017459596703890325
0.9997296707584742,0.9998893719514718,0.9993922773500935
0.9990534907403001,0.9998203737972627,0.9980800264923867
0.0015464176533563634,4.788986058094913e-07,0.00024916256594947027
0.4500508898353807,0.24240715302011961,0.24205300799343393
0.006046281993799141,5.727512985992736e-06,0.0010004527026963583
0.9990535398482852,0.9998727515053297,0.9981322739450246
1.0,0.9993340731373258,0.9993357291966006
0.4524889302130188,0.2423899848399949,0.2442740462326014
0.12262651673540727,0.030302532251246468,0.03221665330819441
0.12330550755676566,0.030305668924322654,0.03246846703913159
0.9993240657856688,0.999910430169359,0.9986672286245056
9.417907447753504e-06,6.1043323630396995e-06,6.089151812754129e-06
0.11919707046480861,0.030281818088880454,0.030952566367353825
0.0015541034248488794,6.1043323630396995e-06,0.00025477401010473404
0.4516775301645746,0.24242954547777978,0.24356745391419438
0.11711718041078674,0.030304728271771435,0.030229365001213013
0.12330545492517513,0.030302532251246468,0.032465338166486404
0.0030754723666877593,6.944564279427051e-06,0.0005042970107835502
0.004565336370158893,0.0,0.0007460545748759397
0.9991888174188102,0.9998962187806187,0.9984043677190452
0.12126224669967804,0.030302532438988165,0.03171928377888526
0.12057522939801184,0.030283181137051286,0.031451295742414204
1.0,0.9998962187806187,0.9998964768687969
0.0131202928354867,6.944564279427051e-06,0.002245091018827408
0.4524889302130188,0.24242815881802932,0.2443121252777326
0.4522185957200629,0.24242815881802932,0.24406344041944067
0.11850767731286956,0.030303396585781066,0.03072540634350802
0.12262662232693582,0.030305668924322654,0.03221978218083961
0.010348099795121357,6.944627352512001e-06,0.001747721365159681
0.4497777720100877,0.24226306376211132,0.24166059220530076
0.008930367469534461,0.0,0.0014921091497518777
0.007500224006343467,5.893750184166394e-06,0.0012493033847797725
0.0,0.0,0.0
0.12194556524543977,0.030304728140824418,0.031970158878635496
0.12330546942903418,0.030303396585781066,0.032466200351551885
1.0,0.9998417574488602,0.9998421509741241
0.45005109309485297,0.24242815881802932,0.24207396155310482
0.451135787901417,0.24240360017293455,0.2430442034148097
0.11850768992995843,0.03030348850951265,0.03072549803863921
1.0,0.9999944596683062,0.9999944734462721
0.014480074383433877,5.9627088605501005e-06,0.00249279646342627
0.0074997128724444695,5.178540591503633e-06,0.0012485899538050727
0.45005079866845826,0.24239773253569336,0.24204361093632598
0.45086379615608546,0.24225454471104363,0.242646833772991
0.12398228834083012,0.030305666962782987,0.032717149940761955
0.4522185675867794,0.2424018884656478,0.24403723539744776
0.12330545661855198,0.030302633163448757,0.03246543882773531
0.010347363064045836,5.17858752692793e-06,0.0017459597172077342
0.4508646347820216,0.24238463892709555,0.24277660446442612
0.0030671696278316285,0.0,0.0004973697165839598
0.11919992706195791,0.030305668924322654,0.03097635788937971
0.9987830005928433,0.99989626781911,0.9976583620607092
0.01174286025759591,5.7275457227470156e-06,0.00199519216851962
0.4500508554534332,0.24240360017293455,0.24204946398164182
0.12262675452316661,0.0303095965982905,0.03222370008727701
0.12057688295588422,0.03030263329881676,0.03147069952959876
0.006047340570820375,6.944564279427051e-06,0.00100166672736751
0.006045804416885223,5.178540591503633e-06,0.0009999050955130928
0.12194545401265693,0.030302532251246468,0.031967968449902434
0.12262659066296501,0.030304728271771435,0.03221884386754885
0.45086477982670187,0.24240715302011961,0.24279906256830985
0.4503221738473591,0.2423899848399949,0.24228456736626555
1.0,0.9999999999999999,0.9999999999999999
0.4508646692248494,0.2423899848399949,0.2427819370828495
0.9998647648010524,0.999299996933055,0.999053052876398
0.01034534354290162,3.407620427081648e-07,0.001741133922662964
0.0074997129059899414,5.17858752692793e-06,0.0012485900006237744
0.4508646307259821,0.24238400939921684,0.24277597650208793
0.9997296516129162,0.9998178556857479,0.9993209389344938
0.449779080751805,0.24238463892709555,0.24178186503125818
0.006045826365141005,5.2037686420758344e-06,0.0009999302608253227
0.008930637786038212,4.788986058094913e-07,0.0014925868574093698
0.12126230525045113,0.030303396585781066,0.03172014577667594
0.9995944744263241,0.999872748231654,0.999127010112658
0.45167699448067994,0.24226306376211132,0.24340138621334462
0.45059359143712546,0.24240361243255737,0.2425468459273608
0.4514066844833902,0.24240361243255737,0.24329290050223673
0.9993236797256275,0.9993340731373258,0.9980923049051408
0.44977932297460294,0.24240715302011961,0.24180432313514194
0.007501014476586784,7.0000306694496806e-06,0.0012504069141129979
0.9990530475182637,0.999347886793636,0.9976087144923952
0.013120127945923737,5.727512985992736e-06,0.002243876994156258
0.9997296516116594,0.9998178509922057,0.9993209342526236
0.010347690204935325,5.9627088605501005e-06,0.0017467418885503318
0.9990536591319594,0.9999999999999999,0.9982592059919561
0.006041296693348033,0.0,0.0009947394331679196
0.007500974848472897,6.944564279427051e-06,0.00125035158565949
0.008933598664272,5.727512985992736e-06,0.0014978224192803181
0.9990530025714426,0.999299996933055,0.9975609437266463
1.0,0.999910430169359,0.9999106529159655
0.01034812290322866,7.0000306694496806e-06,0.0017477766306969577
0.999864841497559,0.999872748231654,0.999624379829242
0.9986476948416534,0.99989626781911,0.9974096772024174
0.11850755870064554,0.030302532438988165,0.030724544345717347
0.4522185484364912,0.24238400939921684,0.24401940079354784
0.4503222910220765,0.24240361243255737,0.24229816106906882
0.45059344876332136,0.24238463977314556,0.24252792045008015
0.11850757254486462,0.03030263329881676,0.03072464495472282
0.45140669967374153,0.24240715302011961,0.24329643228489384
0.12057747449069663,0.0303095965982905,0.03147764551240108
0.008934284818216884,6.944627352512001e-06,0.001499036506867701
0.9987831189645577,0.9999944596683062,0.9977563097216443
0.45032227619951765,0.2424018884656478,0.2422964413894039
0.12330510714767277,0.030281818088880454,0.0324446755171057
0.11781441014357417,0.0303095965982905,0.030482906079233155
0.008933692391292047,5.893750184166394e-06,0.001497988243071749
0.9997295128964356,0.999299996933055,0.9988043680181061
0.12398228834083012,0.03028373368330369,0.03269527120602765
0.4505934889602296,0.2423899848399949,0.24253325222455752
0.9994589589454206,0.999299996933055,0.9983069983015221
0.9997296522870835,0.9998203737972627,0.9993234507838465
0.451135033408904,0.24226306376211132,0.2429040164967607
0.004565687731709234,3.407620427081648e-07,0.0007463944894950444
0.9993240054947168,0.9998203771814628,0.9985773995847548
0.9995944533917602,0.9998203737972627,0.9990747659255547
0.450322168907132,0.24238941031667244,0.24228399427169567
0.9991883380973694,0.999299996933055,0.9978096285849382
0.9995942635333561,0.999347886793636,0.9986034539255632
0.9993236568866259,0.999299996933055,0.99805831344323
0.0030742992217690918,5.9627088605501005e-06,0.0005033175970904306
0.4503210085973503,0.24225454471104363,0.24214946405640705
0.0015539093741186588,5.962218475633399e-06,0.00025463224963304804
0.9989182644092636,0.9998727515053297,0.9978835890867325
0.4505924698736166,0.24225454471104363,0.24239814891469905
0.9995945232969812,0.9999944533609978,0.999248412579773
0.013120053562857836,5.17858752692793e-06,0.0022433294337916923
0.1198900387978991,0.0303095965982905,0.03122896065410909
0.4500508555720751,0.24240361243255737,0.24204947621077685
0.008933410967077102,5.39462422515305e-06,0.001497490358363423
0.4516775257107451,0.24242816039485637,0.2435660722757625
0.4522185957217513,0.24242816039485637,0.24406344199234647
0.0015528392528584428,5.17858752692793e-06,0.0002538505674558565
0.0015535888805124493,5.727512985992736e-06,0.00025439812782042034
0.003074298635784678,5.962218475633399e-06,0.0005033171079250279
0.4505937864180732,0.24242954547777978,0.24257271448102646
0.9989182895559814,0.9998962187806187,0.9979069980024612
0.1178144444643739,0.030309818211558245,0.030483127141382255
0.9987829348698516,0.9998417574488602,0.9976039872494963
0.9995942579799706,0.9993340731373258,0.9985896746217248
0.0030755386320654304,7.0000306694496806e-06,0.0005043523392370582
0.9991887985608039,0.999872748231654,0.9983809555377822
0.010347661436972466,5.893750184166394e-06,0.0017466731013637288
0.45221856313647674,0.24239773335411224,0.24403309061904543
0.12398228834083012,0.030304728271771435,0.032716213584132806
0.11988940475617448,0.030303396585781066,0.031222776060091984
0.9989184007503187,0.9999999999999999,0.9980105211336642
0.45167700559982465,0.24226651717618886,0.24340483103930421
0.4524889302130188,0.24226306376211132,0.24414744078822054
0.11781365609927762,0.030304728271771435,0.03047804985950499
0.12398228834083012,0.030303396585781066,0.032714885209843864
0.450593775993308,0.24242815881802932,0.24257133126968877
0.0045714804448686724,5.962218475633399e-06,0.0007520019662170079
0.999459274747521,0.9998893719514718,0.9988949076335095
1.0,0.9998178556857479,0.9998183086510778
0.4524889302130188,0.24240361243255737,0.24428763993540464
0.45140660307319086,0.24238463892709555,0.24327397418101004
0.008933730993817737,5.962218475633399e-06,0.0014980565410929493
0.010347690000359525,5.962218475633399e-06,0.0017467413993849292
0.45221841882020036,0.24226306376211132,0.2438987559299286
0.9989183047838441,0.999910430169359,0.9979211740496295
0.9995945255239518,0.9999999999999999,0.999253945425124
0.119199926827166,0.030305666962782987,0.030976355932718098
0.45221855483709444,0.2423899848399949,0.2440253613743094
0.11988931634975346,0.030302532251246468,0.031221913875026496
7.393015355600108e-07,4.788986058094913e-07,4.77707657491229e-07
0.011742709550456643,5.178540591503633e-06,0.0019946445286810124
0.9994592377974252,0.9998203771814628,0.9988260844430467
0.014480074383433877,5.962218475633399e-06,0.002492795974260867
0.9990535618949159,0.99989626781911,0.9981557317772932
5.260604824808279e-07,3.407620427081648e-07,3.3991461910725523e-07
0.12126225353362487,0.03030263329881676,0.03171938438789074
0.1191995636605558,0.030302633163448757,0.030973329677983438
0.45140679573529235,0.24242954547777978,0.24331876905590244
0.013120053556497438,5.178540591503633e-06,0.0022433293869729923
0.0045658301579420135,4.788986058094913e-07,0.0007465322825334301
0.1212627402725182,0.030309818211558245,0.03172655143284216
0.4500508388883922,0.2424018884656478,0.24204775653111194
0.12126239546580984,0.030304728140824418,0.03172147402034352
0.45032250204835306,0.24242815881802932,0.24232264641139678
0.9986476187278461,0.9998394593555703,0.9973530100129248
0.00307336210438007,5.178540591503633e-06,0.000502535378929133
0.45086492406206674,0.24242954547777978,0.24282139933931846
1.0,0.9998893719514718,0.9998896470666775
0.9986476856028046,0.9998893719514718,0.9974027984837576
0.999459236444431,0.9998178509922057,0.9988235645360396
0.11711802094472461,0.030309596345998162,0.030234220969276245
0.9991887544488052,0.9998178509922057,0.9983261948194556
1.0,0.9999944533609978,0.9999944671546489
0.9987829060436684,0.9998178509922057,0.9975801402445797
0.9989183948080604,0.9999944533609978,0.9980049882883132
0.12330513004336223,0.030283181137051286,0.03244603517558213
0.998917650302634,0.999299996933055,0.9973122588683542
0.45167738371455707,0.24238400939921684,0.24352203107696385
0.12194550245341117,0.03030348850951265,0.03196892233009911
0.9994592658469157,0.9998727515053297,0.9988783285199004
0.4522185631356002,0.24239773253569336,0.2440330898026618
0.4522185542217059,0.24238941031667244,0.2440247882797395
0.011742709563341572,5.17858752692793e-06,0.001994644575499714
0.12330550292874444,0.03030539308961712,0.03246819189038519
0.9989182082789116,0.9998203737972627,0.9978313416340946
0.9997296988848092,0.9999944533609978,0.9994970974380651
0.11711322191470537,0.030281818088880454,0.030206511792477884
0.12262661304202198,0.03030539308961712,0.03221950703209321
0.9998648437223241,0.9998893719514718,0.9996409622083854
0.11781331593125892,0.030302532438988165,0.03047585948742536
0.4516775257056747,0.24242815881802932,0.24356607070285669
0.9993240038064071,0.9998178556857479,0.9985748843596179
0.11988963715874841,0.030305668924322654,0.031225042747671686
0.12057706094621269,0.030304728271771435,0.031472789292672915
0.1191995636767615,0.03030263329881676,0.0309733298130148
0.12262588356415109,0.03028373368330369,0.03219790148944368
0.11711355307228165,0.03028373368330369,0.030208422623107845
0.12126272526202429,0.0303095965982905,0.03172633037069306
0.9995944838715256,0.99989626781911,0.9991504712104612
1.0,0.9998727515053297,0.9998730679530684
0.4497791382708997,0.2423899848399949,0.2417871976496816
0.11988963695814407,0.030305666962782987,0.031225040791010076
0.44977913208946046,0.24238941031667244,0.2417866245551117
0.9986469597450935,0.999347886793636,0.9968626599175193
0.9991888288368835,0.999910430169359,0.9984185437662135
0.9986475897803055,0.9998178556857479,0.9973314600681579
0.9995945232995138,0.9999944596683062,0.9992484188713963
0.9991887564787987,0.9998203771814628,0.9983287147264627
0.9986476218070719,0.9998417574488602,0.9973553023912044
0.45086475701855483,0.24240361243255737,0.2427955307856528
0.45113505195920106,0.24226651717618886,0.2429074613227203
0.0030733922959194776,5.203802484076217e-06,0.0005025605779992032
0.12398228834083012,0.030304728140824418,0.032716213453511445
0.007500273284603343,5.9627088605501005e-06,0.0012493721719663703
0.45059344401373597,0.24238400822583128,0.24252729047332838
0.011742905879031276,5.893750184166394e-06,0.0019953579596557088
0.45221856942004884,0.24240360017293455,0.24403894284797767
0.007496009723576558,0.0,0.0012434242914598995
0.9989182082825385,0.9998203771814628,0.9978313450098787
1.0,0.9998203771814628,0.9998208238762146
0.9990535618489431,0.9998962187806187,0.9981556828607531
0.00457069928498284,5.2037686420758344e-06,0.0007512454025333428
0.4519477553643358,0.24225454471104363,0.24364157320615892
0.11781375908231083,0.03030539308961712,0.030478713024049354
0.4519477810514115,0.24226651717618886,0.2436535158975962
0.4500507986763788,0.24239773335411224,0.24204361175270958
0.45167744676697047,0.24240361243255737,0.24354158536052872
0.9995944610571343,0.9998394593555703,0.9990938040209686
0.11850855858002092,0.030309818211558245,0.030731811999674234
0.11919723380804158,0.030283181137051286,0.030953926025830244
0.45221859720489327,0.24242954547777978,0.24406482363077836
0.9998648344882222,0.9998203771814628,0.9995721390179225
0.11850852813719463,0.030309596345998162,0.03073159068586021
0.008934316048054614,7.0000306694496806e-06,0.0014990917724049778
0.9994592658451629,0.999872748231654,0.9988783252543662
0.9994592364469448,0.9998178556857479,0.9988235692179098
0.9990536539331258,0.9999944533609978,0.9982536731466051
0.4505935913449404,0.24240360017293455,0.24254683369822577
8.02927115760299e-06,5.2037686420758344e-06,5.190827657403085e-06
0.45221842252291494,0.24226651717618886,0.2439022007558882
0.44977956384581136,0.24242954547777978,0.24182665990615054
0.4505934846396806,0.24238941031667244,0.24253267912998766
0.01034759208501583,5.727512985992736e-06,0.001746507277572298
1.0713369954465368e-05,6.944627352512001e-06,6.927357115821611e-06
0.12262676198137752,0.030309818211558245,0.03222392114942611
0.01174296367951469,6.1043323630396995e-06,0.0019955680181485934
0.007500974893535892,6.944627352512001e-06,0.0012503516485757211
0.9993240182712313,0.9998394593555703,0.9985964343043846
0.11711802098828068,0.0303095965982905,0.03023422122094117
0.4511356861539721,0.24238463892709555,0.24302528932271805
0.12126097235475942,0.03028373368330369,0.031700531772859725
0.12262652013272558,0.030302633163448757,0.03221675396944333
0.4524889302130188,0.24242816039485637,0.2443121268506384
0.9995944533931194,0.9998203771814628,0.9990747693013388
0.11988733606614994,0.030283181137051286,0.03120261088412223
0.45004949466296823,0.24226306376211132,0.24190927706359275
0.45167740108738114,0.24238941031667244,0.24352741856315557
0.006046609775349765,6.1043323630396995e-06,0.0010008285849806738
0.004571238758564189,5.7275457227470156e-06,0.0007517678770597221
0.4500507236848716,0.2423899848399949,0.2420358825079736
0.9987829722362171,0.999872748231654,0.9976349009629061
0.004570673299414185,5.178540591503633e-06,0.0007512202372211129
1.0,0.999347886793636,0.9993495085004392
0.45167738371078264,0.24238400822583128,0.2435220299064963
0.0015535889252160373,5.7275457227470156e-06,0.0002543981604757623
0.010348099768814137,6.944564279427051e-06,0.0017477213022434497
0.011742924807040617,5.9627088605501005e-06,0.00199542674684231
0.004571409931519346,5.893750184166394e-06,0.0007519336681958127
0.4503221278779043,0.24238463892709555,0.24227923474784213
0.12057527639012942,0.03028373368330369,0.031451846914567747
0.014480074383433877,3.407620427081648e-07,0.0024871884975389037
0.11920039711933623,0.030309596345998162,0.030980275544152187
0.0030740181680268125,5.727512985992736e-06,0.0005030829861124003
0.11919999486906237,0.03030623541833262,0.030976922974604842
0.11781333153583669,0.030302633163448757,0.030475959961399474
0.9989182287325451,0.9998394593555703,0.9978503797295087
0.11781365607899306,0.030304728140824418,0.030478049728883624
0.44977922163633305,0.24239773335411224,0.24179492689441762
0.4514066592591584,0.24239773335411224,0.2432870360441695
0.9989176868585989,0.9993340731373258,0.9973462503302649
0.12057695561741473,0.03030348850951265,0.03147155261351514
0.12194582303624947,0.030309818211558245,0.031975236291134135
0.004571480949897094,5.9627088605501005e-06,0.0007520024553824105
0.45113578796719805,0.24240361243255737,0.24304421564394474
0.4511359271010487,0.24242954547777978,0.24307008419761045
0.9987829320988915,0.9998394593555703,0.9976016948712166
0.4516773857422834,0.24238463977314556,0.24352265988324812
0.006045992404669867,5.39462422515305e-06,0.001000120641779463
0.45140604454389716,0.24225454471104363,0.243144203489575
0.1212609348802519,0.030283181137051286,0.03169998060070618
0.013120300349277914,7.0000306694496806e-06,0.0022451463472809158
0.9997296725912905,0.9998962187806187,0.9993991071522129
0.4524889302130188,0.24225454471104363,0.2441389429227429
0.010347373584708164,5.203802484076217e-06,0.0017459848694591044
0.11920042367077917,0.030309818211558245,0.03098049685796622
0.013120150470569178,5.893750184166394e-06,0.0022440428179476887
0.4519480330031394,0.24238400939921684,0.24377071593525584
0.45005109311010955,0.24242816039485637,0.24207396312601062
0.45167742785816617,0.24239773335411224,0.24353572090246145
0.12194440413860681,0.030281818088880454,0.03194730580052174
0.010347373570587987,5.2037686420758344e-06,0.0017459848357012642
0.11781388955757259,0.03030623541833262,0.03047955325802088
0.4516769670501268,0.24225454471104363,0.24339288834786693
0.12126245906916623,0.030305666962782987,0.03172241050759403
0.11711729521204718,0.03030539308961712,0.030230028165757376
0.01174319428161609,6.944564279427051e-06,0.0019964061605354296
0.11919955160220018,0.030302532438988165,0.030973229204009325
0.9991889007939456,0.9999999999999999,0.9985078908502482
0.12262586494440293,0.030283181137051286,0.03219735031729015
0.11781346404579025,0.03030348850951265,0.030476813180347225
0.013119351428962131,0.0,0.0022381637246278174
0.9994589772143632,0.9993340731373258,0.9983409897634329
0.9989182644057553,0.999872748231654,0.9978835858211982
0.4524889302130188,0.24238463892709555,0.24426871361417796
0.9994589846197923,0.999347886793636,0.9983547690672713
0.4500507181243483,0.24238941031667244,0.24203530941340368
0.12330549177181295,0.030304728140824418,0.032467528595219466
0.45113498764594834,0.24225454471104363,0.242895518631283
0.4522184096857291,0.24225454471104363,0.24389025806445092
0.9994592377956129,0.9998203737972627,0.9988260810672626
0.011741380816254282,3.407620427081648e-07,0.001989818780954944
0.9991887718125112,0.9998394593555703,0.9983477494460925
0.45194803435428804,0.24238463977314556,0.24377134474154005
0.9986475931590131,0.9998203771814628,0.9973339752932947
0.4514066003718465,0.24238400939921684,0.24327334621867186
0.010347592098673405,5.7275457227470156e-06,0.00174650731022764
0.4522185491117315,0.24238463977314556,0.24402002959983204
0.4497792848852861,0.24240361243255737,0.24180079135248486
0.9986476947759537,0.9998962187806187,0.9974096282858772
0.11711718038817438,0.030304728140824418,0.03022936487059164
1.0713272724963141e-05,6.944564279427051e-06,6.927294199590359e-06
0.12057687438629501,0.030302532438988165,0.031470598920593285
0.450322240473297,0.24239773335411224,0.24229229661100157
0.00604648658517945,5.9627088605501005e-06,0.0010006873136743904
0.12330545662082347,0.03030263329881676,0.03246543896276667
0.008930559816929001,3.407620427081648e-07,0.001492449064370984
0.12398228834083012,0.030283181137051286,0.03269472003387411
0.450864915130992,0.24242815881802932,0.24282001612798076
0.45059344875695867,0.24238463892709555,0.24252791960613412
0.12262662226090855,0.030305666962782987,0.032219780224178
0.9986468955115066,0.999299996933055,0.9968148891517702
0.12398228834083012,0.030302532438988165,0.032714023212053175
0.9998648373498429,0.9998417574488602,0.9995934661158322
0.001552839188758412,5.178540591503633e-06,0.0002538505206371531
0.9995944619801032,0.9998417574488602,0.9990960963992482
0.014480074383433877,5.39462422515305e-06,0.0024922297915313425
0.11781010511457986,0.030281818088880454,0.030455196650769862
8.029323345773443e-06,5.203802484076217e-06,5.1908614152433585e-06
0.45059354722893646,0.24239773335411224,0.24254098146929354
0.12398228834083012,0.03030623541833262,0.03271771698264869
0.12057747446926802,0.030309596345998162,0.03147764526073614
0.4514066260123019,0.2423899848399949,0.2432793067994335
0.014480074383433877,5.178540591503633e-06,0.0024920142452649723
0.9987831189569547,0.9999944533609978,0.9977563034300211
0.0015552506077942119,6.944564279427051e-06,0.00025561215249157027
0.9990535086350167,0.9998394593555703,0.9980990645878006
0.007499883731405296,5.417605158051023e-06,0.0012488284238542403
0.004570895866925939,5.39462422515305e-06,0.0007514357834874832
0.11988941415815203,0.03030348850951265,0.031222867755223167
0.45086474591268283,0.2424018884656478,0.24279381110598786
0.010347453201234424,5.39462422515305e-06,0.0017461752166554028
