initial_diameter_um,time_ms,T_K,p_Pa,rho_kg_m3,O2_fraction,C7H16_fraction,vel_mag_m_s,distance_from_inlet_m,radial_distance_m
10,0.0,800.0,5000000.0,21.69,0.23400000000000007,0.0,0.00010957025616937846,-0.0025000000000000005,0.01
10,1.0,800.0,5000000.0,21.69,0.23400000000000007,0.0,0.00010957025616937846,-0.0025000000000000005,0.01
10,2.0,800.0,5000000.0,21.69,0.23400000000000007,0.0,0.00010957025616937846,-0.0025000000000000005,0.01
10,3.0,800.0,5000000.0,21.69,0.23400000000000007,0.0,0.00010957025616937846,-0.0025000000000000005,0.01
10,4.0,800.0,5000000.0,21.69,0.23400000000000007,0.0,0.00010957025616937846,-0.0025000000000000005,0.01
10,5.0,800.0,5000000.0,21.69,0.23400000000000007,0.0,0.00010957025616937846,-0.0025000000000000005,0.01
10,6.0,800.0,5000000.0,21.69,0.23400000000000007,0.0,0.00010957025616937846,-0.0025000000000000005,0.01
10,7.0,800.0,5000000.0,21.69,0.23400000000000007,0.0,0.00010957025616937846,-0.0025000000000000005,0.01
10,8.0,800.0,5000000.0,21.69,0.23400000000000007,0.0,0.00010957025616937846,-0.0025000000000000005,0.01
10,9.0,800.0,5000000.0,21.69,0.23400000000000007,0.0,0.00010957025616937846,-0.0025000000000000005,0.01
10,10.0,800.0,5000000.0,21.69,0.23400000000000007,0.0,0.00010957025616937846,-0.0025000000000000005,0.01
10,0.0,800.0,5000000.0,21.69,0.23400000000000004,0.0,0.00012055334025485962,-0.0025000000000000005,0.005
10,1.0,800.0,5000000.0,21.69,0.23400000000000004,0.0,0.00012055334025485962,-0.0025000000000000005,0.005
10,2.0,800.0,5000000.0,21.69,0.23400000000000004,0.0,0.00012055334025485962,-0.0025000000000000005,0.005
10,3.0,800.0,5000000.0,21.69,0.23400000000000004,0.0,0.00012055334025485962,-0.0025000000000000005,0.005
10,4.0,800.0,5000000.0,21.69,0.23400000000000004,0.0,0.00012055334025485962,-0.0025000000000000005,0.005
10,5.0,800.0,5000000.0,21.69,0.23400000000000004,0.0,0.00012055334025485962,-0.0025000000000000005,0.005
10,6.0,800.0,5000000.0,21.69,0.23400000000000004,0.0,0.00012055334025485962,-0.0025000000000000005,0.005
10,7.0,800.0,5000000.0,21.69,0.23400000000000004,0.0,0.00012055334025485962,-0.0025000000000000005,0.005
10,8.0,800.0,5000000.0,21.69,0.23400000000000004,0.0,0.00012055334025485962,-0.0025000000000000005,0.005
10,9.0,800.0,5000000.0,21.69,0.23400000000000004,0.0,0.00012055334025485962,-0.0025000000000000005,0.005
10,10.0,800.0,5000000.0,21.69,0.23400000000000004,0.0,0.00012055334025485962,-0.0025000000000000005,0.005
10,0.0,800.0,5000000.0,21.69,0.23400000000000004,0.0,0.00012054085087541862,-0.0025000000000000005,0.0
10,1.0,800.0,5000000.0,21.69,0.23400000000000004,0.0,0.00012054085087541862,-0.0025000000000000005,0.0
10,2.0,800.0,5000000.0,21.69,0.23400000000000004,0.0,0.00012054085087541862,-0.0025000000000000005,0.0
10,3.0,800.0,5000000.0,21.69,0.23400000000000004,0.0,0.00012054085087541862,-0.0025000000000000005,0.0
10,4.0,800.0,5000000.0,21.69,0.23400000000000004,0.0,0.00012054085087541862,-0.0025000000000000005,0.0
10,5.0,800.0,5000000.0,21.69,0.23400000000000004,0.0,0.00012054085087541862,-0.0025000000000000005,0.0
10,6.0,800.0,5000000.0,21.69,0.23400000000000004,0.0,0.00012054085087541862,-0.0025000000000000005,0.0
10,7.0,800.0,5000000.0,21.69,0.23400000000000004,0.0,0.00012054085087541862,-0.0025000000000000005,0.0
10,8.0,800.0,5000000.0,21.69,0.23400000000000004,0.0,0.00012054085087541862,-0.0025000000000000005,0.0
10,9.0,800.0,5000000.0,21.69,0.23400000000000004,0.0,0.00012054085087541862,-0.0025000000000000005,0.0
10,10.0,800.0,5000000.0,21.69,0.23400000000000004,0.0,0.00012054085087541862,-0.0025000000000000005,0.0
10,0.0,800.0,5000000.0,21.69,0.23400000000000007,0.0,0.0003286513203032986,-0.0025000000000000005,0.018027756377319945
10,1.0,800.0,5000000.0,21.69,0.23400000000000007,0.0,0.0003286513203032986,-0.0025000000000000005,0.018027756377319945
10,2.0,800.0,5000000.0,21.69,0.23400000000000007,0.0,0.0003286513203032986,-0.0025000000000000005,0.018027756377319945
10,3.0,800.0,5000000.0,21.69,0.23400000000000007,0.0,0.0003286513203032986,-0.0025000000000000005,0.018027756377319945
10,4.0,800.0,5000000.0,21.69,0.23400000000000007,0.0,0.0003286513203032986,-0.0025000000000000005,0.018027756377319945
10,5.0,800.0,5000000.0,21.69,0.23400000000000007,0.0,0.0003286513203032986,-0.0025000000000000005,0.018027756377319945
10,6.0,800.0,5000000.0,21.69,0.23400000000000007,0.0,0.0003286513203032986,-0.0025000000000000005,0.018027756377319945
10,7.0,800.0,5000000.0,21.69,0.23400000000000007,0.0,0.0003286513203032986,-0.0025000000000000005,0.018027756377319945
10,8.0,800.0,5000000.0,21.69,0.23400000000000007,0.0,0.0003286513203032986,-0.0025000000000000005,0.018027756377319945
10,9.0,800.0,5000000.0,21.69,0.23400000000000007,0.0,0.0003286513203032986,-0.0025000000000000005,0.018027756377319945
10,10.0,800.0,5000000.0,21.69,0.23400000000000007,0.0,0.0003286513203032986,-0.0025000000000000005,0.018027756377319945
10,0.0,800.0,5000000.0,21.69,0.23400000000000004,0.0,0.00036157607262496947,-0.0025000000000000005,0.015811388300841896
10,1.0,800.0,5000000.0,21.69,0.23400000000000004,0.0,0.00036157607262496947,-0.0025000000000000005,0.015811388300841896
10,2.0,800.0,5000000.0,21.69,0.23400000000000004,0.0,0.00036157607262496947,-0.0025000000000000005,0.015811388300841896
10,3.0,800.0,5000000.0,21.69,0.23400000000000004,0.0,0.00036157607262496947,-0.0025000000000000005,0.015811388300841896
10,4.0,800.0,5000000.0,21.69,0.23400000000000004,0.0,0.00036157607262496947,-0.0025000000000000005,0.015811388300841896
10,5.0,800.0,5000000.0,21.69,0.23400000000000004,0.0,0.00036157607262496947,-0.0025000000000000005,0.015811388300841896
10,6.0,800.0,5000000.0,21.69,0.23400000000000004,0.0,0.00036157607262496947,-0.0025000000000000005,0.015811388300841896
10,7.0,800.0,5000000.0,21.69,0.23400000000000004,0.0,0.00036157607262496947,-0.0025000000000000005,0.015811388300841896
10,8.0,800.0,5000000.0,21.69,0.23400000000000004,0.0,0.00036157607262496947,-0.0025000000000000005,0.015811388300841896
10,9.0,800.0,5000000.0,21.69,0.23400000000000004,0.0,0.00036157607262496947,-0.0025000000000000005,0.015811388300841896
10,10.0,800.0,5000000.0,21.69,0.23400000000000004,0.0,0.00036157607262496947,-0.0025000000000000005,0.015811388300841896
10,0.0,800.0,5000000.0,21.69,0.23400000000000004,0.0,0.00036156958871388044,-0.0025000000000000005,0.015
10,1.0,800.0,5000000.0,21.69,0.23400000000000004,0.0,0.00036156958871388044,-0.0025000000000000005,0.015
10,2.0,800.0,5000000.0,21.69,0.23400000000000004,0.0,0.00036156958871388044,-0.0025000000000000005,0.015
10,3.0,800.0,5000000.0,21.69,0.23400000000000004,0.0,0.00036156958871388044,-0.0025000000000000005,0.015
10,4.0,800.0,5000000.0,21.69,0.23400000000000004,0.0,0.00036156958871388044,-0.0025000000000000005,0.015
10,5.0,800.0,5000000.0,21.69,0.23400000000000004,0.0,0.00036156958871388044,-0.0025000000000000005,0.015
10,6.0,800.0,5000000.0,21.69,0.23400000000000004,0.0,0.00036156958871388044,-0.0025000000000000005,0.015
10,7.0,800.0,5000000.0,21.69,0.23400000000000004,0.0,0.00036156958871388044,-0.0025000000000000005,0.015
10,8.0,800.0,5000000.0,21.69,0.23400000000000004,0.0,0.00036156958871388044,-0.0025000000000000005,0.015
10,9.0,800.0,5000000.0,21.69,0.23400000000000004,0.0,0.00036156958871388044,-0.0025000000000000005,0.015
10,10.0,800.0,5000000.0,21.69,0.23400000000000004,0.0,0.00036156958871388044,-0.0025000000000000005,0.015
10,0.0,800.0,5000000.0,21.69,0.23400000000000007,0.0,0.0004229589619607745,-0.0025000000000000005,0.03162277660168379
10,1.0,800.0,5000000.0,21.69,0.23400000000000007,0.0,0.0004229589619607745,-0.0025000000000000005,0.03162277660168379
10,2.0,800.0,5000000.0,21.69,0.23400000000000007,0.0,0.0004229589619607745,-0.0025000000000000005,0.03162277660168379
10,3.0,800.0,5000000.0,21.69,0.23400000000000007,0.0,0.0004229589619607745,-0.0025000000000000005,0.03162277660168379
10,4.0,800.0,5000000.0,21.69,0.23400000000000007,0.0,0.0004229589619607745,-0.0025000000000000005,0.03162277660168379
10,5.0,800.0,5000000.0,21.69,0.23400000000000007,0.0,0.0004229589619607745,-0.0025000000000000005,0.03162277660168379
10,6.0,800.0,5000000.0,21.69,0.23400000000000007,0.0,0.0004229589619607745,-0.0025000000000000005,0.03162277660168379
10,7.0,800.0,5000000.0,21.69,0.23400000000000007,0.0,0.0004229589619607745,-0.0025000000000000005,0.03162277660168379
10,8.0,800.0,5000000.0,21.69,0.23400000000000007,0.0,0.0004229589619607745,-0.0025000000000000005,0.03162277660168379
10,9.0,800.0,5000000.0,21.69,0.23400000000000007,0.0,0.0004229589619607745,-0.0025000000000000005,0.03162277660168379
10,10.0,800.0,5000000.0,21.69,0.23400000000000007,0.0,0.0004229589619607745,-0.0025000000000000005,0.03162277660168379
10,0.0,800.0,5000000.0,21.69,0.23400000000000004,0.0,0.00046530867130752763,-0.0025000000000000005,0.0304138126514911
10,1.0,800.0,5000000.0,21.69,0.23400000000000004,0.0,0.00046530867130752763,-0.0025000000000000005,0.0304138126514911
10,2.0,800.0,5000000.0,21.69,0.23400000000000004,0.0,0.00046530867130752763,-0.0025000000000000005,0.0304138126514911
10,3.0,800.0,5000000.0,21.69,0.23400000000000004,0.0,0.00046530867130752763,-0.0025000000000000005,0.0304138126514911
10,4.0,800.0,5000000.0,21.69,0.23400000000000004,0.0,0.00046530867130752763,-0.0025000000000000005,0.0304138126514911
10,5.0,800.0,5000000.0,21.69,0.23400000000000004,0.0,0.00046530867130752763,-0.0025000000000000005,0.0304138126514911
10,6.0,800.0,5000000.0,21.69,0.23400000000000004,0.0,0.00046530867130752763,-0.0025000000000000005,0.0304138126514911
10,7.0,800.0,5000000.0,21.69,0.23400000000000004,0.0,0.00046530867130752763,-0.0025000000000000005,0.0304138126514911
10,8.0,800.0,5000000.0,21.69,0.23400000000000004,0.0,0.00046530867130752763,-0.0025000000000000005,0.0304138126514911
10,9.0,800.0,5000000.0,21.69,0.23400000000000004,0.0,0.00046530867130752763,-0.0025000000000000005,0.0304138126514911
10,10.0,800.0,5000000.0,21.69,0.23400000000000004,0.0,0.00046530867130752763,-0.0025000000000000005,0.0304138126514911
10,0.0,800.0,5000000.0,21.69,0.23400000000000004,0.0,0.0004653153748215439,-0.0025000000000000005,0.03
10,1.0,800.0,5000000.0,21.69,0.23400000000000004,0.0,0.0004653153748215439,-0.0025000000000000005,0.03
10,2.0,800.0,5000000.0,21.69,0.23400000000000004,0.0,0.0004653153748215439,-0.0025000000000000005,0.03
10,3.0,800.0,5000000.0,21.69,0.23400000000000004,0.0,0.0004653153748215439,-0.0025000000000000005,0.03
10,4.0,800.0,5000000.0,21.69,0.23400000000000004,0.0,0.0004653153748215439,-0.0025000000000000005,0.03
10,5.0,800.0,5000000.0,21.69,0.23400000000000004,0.0,0.0004653153748215439,-0.0025000000000000005,0.03
10,6.0,800.0,5000000.0,21.69,0.23400000000000004,0.0,0.0004653153748215439,-0.0025000000000000005,0.03
10,7.0,800.0,5000000.0,21.69,0.23400000000000004,0.0,0.0004653153748215439,-0.0025000000000000005,0.03
10,8.0,800.0,5000000.0,21.69,0.23400000000000004,0.0,0.0004653153748215439,-0.0025000000000000005,0.03
10,9.0,800.0,5000000.0,21.69,0.23400000000000004,0.0,0.0004653153748215439,-0.0025000000000000005,0.03
10,10.0,800.0,5000000.0,21.69,0.23400000000000004,0.0,0.0004653153748215439,-0.0025000000000000005,0.03
10,0.0,800.0,5000000.0,21.69,0.23400000000000007,0.0,0.00042751090428115254,-0.0025000000000000005,0.046097722286464436
10,1.0,800.0,5000000.0,21.69,0.23400000000000007,0.0,0.00042751090428115254,-0.0025000000000000005,0.046097722286464436
10,2.0,800.0,5000000.0,21.69,0.23400000000000007,0.0,0.00042751090428115254,-0.0025000000000000005,0.046097722286464436
10,3.0,800.0,5000000.0,21.69,0.23400000000000007,0.0,0.00042751090428115254,-0.0025000000000000005,0.046097722286464436
10,4.0,800.0,5000000.0,21.69,0.23400000000000007,0.0,0.00042751090428115254,-0.0025000000000000005,0.046097722286464436
10,5.0,800.0,5000000.0,21.69,0.23400000000000007,0.0,0.00042751090428115254,-0.0025000000000000005,0.046097722286464436
10,6.0,800.0,5000000.0,21.69,0.23400000000000007,0.0,0.00042751090428115254,-0.0025000000000000005,0.046097722286464436
10,7.0,800.0,5000000.0,21.69,0.23400000000000007,0.0,0.00042751090428115254,-0.0025000000000000005,0.046097722286464436
10,8.0,800.0,5000000.0,21.69,0.23400000000000007,0.0,0.00042751090428115254,-0.0025000000000000005,0.046097722286464436
10,9.0,800.0,5000000.0,21.69,0.23400000000000007,0.0,0.00042751090428115254,-0.0025000000000000005,0.046097722286464436
10,10.0,800.0,5000000.0,21.69,0.23400000000000007,0.0,0.00042751090428115254,-0.0025000000000000005,0.046097722286464436
10,0.0,800.0,5000000.0,21.69,0.23400000000000004,0.0,0.0004703033299779481,-0.0025000000000000005,0.04527692569068708
10,1.0,800.0,5000000.0,21.69,0.23400000000000004,0.0,0.0004703033299779481,-0.0025000000000000005,0.04527692569068708
10,2.0,800.0,5000000.0,21.69,0.23400000000000004,0.0,0.0004703033299779481,-0.0025000000000000005,0.04527692569068708
10,3.0,800.0,5000000.0,21.69,0.23400000000000004,0.0,0.0004703033299779481,-0.0025000000000000005,0.04527692569068708
10,4.0,800.0,5000000.0,21.69,0.23400000000000004,0.0,0.0004703033299779481,-0.0025000000000000005,0.04527692569068708
10,5.0,800.0,5000000.0,21.69,0.23400000000000004,0.0,0.0004703033299779481,-0.0025000000000000005,0.04527692569068708
10,6.0,800.0,5000000.0,21.69,0.23400000000000004,0.0,0.0004703033299779481,-0.0025000000000000005,0.04527692569068708
10,7.0,800.0,5000000.0,21.69,0.23400000000000004,0.0,0.0004703033299779481,-0.0025000000000000005,0.04527692569068708
10,8.0,800.0,5000000.0,21.69,0.23400000000000004,0.0,0.0004703033299779481,-0.0025000000000000005,0.04527692569068708
10,9.0,800.0,5000000.0,21.69,0.23400000000000004,0.0,0.0004703033299779481,-0.0025000000000000005,0.04527692569068708
10,10.0,800.0,5000000.0,21.69,0.23400000000000004,0.0,0.0004703033299779481,-0.0025000000000000005,0.04527692569068708
10,0.0,800.0,5000000.0,21.69,0.23400000000000004,0.0,0.00047031262711844064,-0.0025000000000000005,0.045
10,1.0,800.0,5000000.0,21.69,0.23400000000000004,0.0,0.00047031262711844064,-0.0025000000000000005,0.045
10,2.0,800.0,5000000.0,21.69,0.23400000000000004,0.0,0.00047031262711844064,-0.0025000000000000005,0.045
10,3.0,800.0,5000000.0,21.69,0.23400000000000004,0.0,0.00047031262711844064,-0.0025000000000000005,0.045
10,4.0,800.0,5000000.0,21.69,0.23400000000000004,0.0,0.00047031262711844064,-0.0025000000000000005,0.045
10,5.0,800.0,5000000.0,21.69,0.23400000000000004,0.0,0.00047031262711844064,-0.0025000000000000005,0.045
10,6.0,800.0,5000000.0,21.69,0.23400000000000004,0.0,0.00047031262711844064,-0.0025000000000000005,0.045
10,7.0,800.0,5000000.0,21.69,0.23400000000000004,0.0,0.00047031262711844064,-0.0025000000000000005,0.045
10,8.0,800.0,5000000.0,21.69,0.23400000000000004,0.0,0.00047031262711844064,-0.0025000000000000005,0.045
10,9.0,800.0,5000000.0,21.69,0.23400000000000004,0.0,0.00047031262711844064,-0.0025000000000000005,0.045
10,10.0,800.0,5000000.0,21.69,0.23400000000000004,0.0,0.00047031262711844064,-0.0025000000000000005,0.045
10,0.0,800.0,5000000.0,21.69,0.23400000000000007,0.0,0.00028694520708539753,-0.0025000000000000005,0.0608276253029822
10,1.0,800.0,5000000.0,21.69,0.23400000000000007,0.0,0.00028694520708539753,-0.0025000000000000005,0.0608276253029822
10,2.0,800.0,5000000.0,21.69,0.23400000000000007,0.0,0.00028694520708539753,-0.0025000000000000005,0.0608276253029822
10,3.0,800.0,5000000.0,21.69,0.23400000000000007,0.0,0.00028694520708539753,-0.0025000000000000005,0.0608276253029822
10,4.0,800.0,5000000.0,21.69,0.23400000000000007,0.0,0.00028694520708539753,-0.0025000000000000005,0.0608276253029822
10,5.0,800.0,5000000.0,21.69,0.23400000000000007,0.0,0.00028694520708539753,-0.0025000000000000005,0.0608276253029822
10,6.0,800.0,5000000.0,21.69,0.23400000000000007,0.0,0.00028694520708539753,-0.0025000000000000005,0.0608276253029822
10,7.0,800.0,5000000.0,21.69,0.23400000000000007,0.0,0.00028694520708539753,-0.0025000000000000005,0.0608276253029822
10,8.0,800.0,5000000.0,21.69,0.23400000000000007,0.0,0.00028694520708539753,-0.0025000000000000005,0.0608276253029822
10,9.0,800.0,5000000.0,21.69,0.23400000000000007,0.0,0.00028694520708539753,-0.0025000000000000005,0.0608276253029822
10,10.0,800.0,5000000.0,21.69,0.23400000000000007,0.0,0.00028694520708539753,-0.0025000000000000005,0.0608276253029822
10,0.0,800.0,5000000.0,21.69,0.23400000000000004,0.0,0.00031509088270565534,-0.0025000000000000005,0.06020797289396147
10,1.0,800.0,5000000.0,21.69,0.23400000000000004,0.0,0.00031509088270565534,-0.0025000000000000005,0.06020797289396147
10,2.0,800.0,5000000.0,21.69,0.23400000000000004,0.0,0.00031509088270565534,-0.0025000000000000005,0.06020797289396147
10,3.0,800.0,5000000.0,21.69,0.23400000000000004,0.0,0.00031509088270565534,-0.0025000000000000005,0.06020797289396147
10,4.0,800.0,5000000.0,21.69,0.23400000000000004,0.0,0.00031509088270565534,-0.0025000000000000005,0.06020797289396147
10,5.0,800.0,5000000.0,21.69,0.23400000000000004,0.0,0.00031509088270565534,-0.0025000000000000005,0.06020797289396147
10,6.0,800.0,5000000.0,21.69,0.23400000000000004,0.0,0.00031509088270565534,-0.0025000000000000005,0.06020797289396147
10,7.0,800.0,5000000.0,21.69,0.23400000000000004,0.0,0.00031509088270565534,-0.0025000000000000005,0.06020797289396147
10,8.0,800.0,5000000.0,21.69,0.23400000000000004,0.0,0.00031509088270565534,-0.0025000000000000005,0.06020797289396147
10,9.0,800.0,5000000.0,21.69,0.23400000000000004,0.0,0.00031509088270565534,-0.0025000000000000005,0.06020797289396147
10,10.0,800.0,5000000.0,21.69,0.23400000000000004,0.0,0.00031509088270565534,-0.0025000000000000005,0.06020797289396147
10,0.0,800.0,5000000.0,21.69,0.23400000000000004,0.0,0.00031499376054164454,-0.0025000000000000005,0.06
10,1.0,800.0,5000000.0,21.69,0.23400000000000004,0.0,0.00031499376054164454,-0.0025000000000000005,0.06
10,2.0,800.0,5000000.0,21.69,0.23400000000000004,0.0,0.00031499376054164454,-0.0025000000000000005,0.06
10,3.0,800.0,5000000.0,21.69,0.23400000000000004,0.0,0.00031499376054164454,-0.0025000000000000005,0.06
10,4.0,800.0,5000000.0,21.69,0.23400000000000004,0.0,0.00031499376054164454,-0.0025000000000000005,0.06
10,5.0,800.0,5000000.0,21.69,0.23400000000000004,0.0,0.00031499376054164454,-0.0025000000000000005,0.06
10,6.0,800.0,5000000.0,21.69,0.23400000000000004,0.0,0.00031499376054164454,-0.0025000000000000005,0.06
10,7.0,800.0,5000000.0,21.69,0.23400000000000004,0.0,0.00031499376054164454,-0.0025000000000000005,0.06
10,8.0,800.0,5000000.0,21.69,0.23400000000000004,0.0,0.00031499376054164454,-0.0025000000000000005,0.06
10,9.0,800.0,5000000.0,21.69,0.23400000000000004,0.0,0.00031499376054164454,-0.0025000000000000005,0.06
10,10.0,800.0,5000000.0,21.69,0.23400000000000004,0.0,0.00031499376054164454,-0.0025000000000000005,0.06
10,0.0,800.0,5000000.0,21.69,0.23400000000000007,0.0,0.001496623202557244,-0.0025000000000000005,0.07566372975210778
10,1.0,800.0,5000000.0,21.69,0.23400000000000007,0.0,0.001496623202557244,-0.0025000000000000005,0.07566372975210778
10,2.0,800.0,5000000.0,21.69,0.23400000000000007,0.0,0.001496623202557244,-0.0025000000000000005,0.07566372975210778
10,3.0,800.0,5000000.0,21.69,0.23400000000000007,0.0,0.001496623202557244,-0.0025000000000000005,0.07566372975210778
10,4.0,800.0,5000000.0,21.69,0.23400000000000007,0.0,0.001496623202557244,-0.0025000000000000005,0.07566372975210778
10,5.0,800.0,5000000.0,21.69,0.23400000000000007,0.0,0.001496623202557244,-0.0025000000000000005,0.07566372975210778
10,6.0,800.0,5000000.0,21.69,0.23400000000000007,0.0,0.001496623202557244,-0.0025000000000000005,0.07566372975210778
10,7.0,800.0,5000000.0,21.69,0.23400000000000007,0.0,0.001496623202557244,-0.0025000000000000005,0.07566372975210778
10,8.0,800.0,5000000.0,21.69,0.23400000000000007,0.0,0.001496623202557244,-0.0025000000000000005,0.07566372975210778
10,9.0,800.0,5000000.0,21.69,0.23400000000000007,0.0,0.001496623202557244,-0.0025000000000000005,0.07566372975210778
10,10.0,800.0,5000000.0,21.69,0.23400000000000007,0.0,0.001496623202557244,-0.0025000000000000005,0.07566372975210778
10,0.0,800.0,5000000.0,21.69,0.23400000000000004,0.0,0.0014016683554776736,-0.0025000000000000005,0.07516648189186453
10,1.0,800.0,5000000.0,21.69,0.23400000000000004,0.0,0.0014016683554776736,-0.0025000000000000005,0.07516648189186453
10,2.0,800.0,5000000.0,21.69,0.23400000000000004,0.0,0.0014016683554776736,-0.0025000000000000005,0.07516648189186453
10,3.0,800.0,5000000.0,21.69,0.23400000000000004,0.0,0.0014016683554776736,-0.0025000000000000005,0.07516648189186453
10,4.0,800.0,5000000.0,21.69,0.23400000000000004,0.0,0.0014016683554776736,-0.0025000000000000005,0.07516648189186453
10,5.0,800.0,5000000.0,21.69,0.23400000000000004,0.0,0.0014016683554776736,-0.0025000000000000005,0.07516648189186453
10,6.0,800.0,5000000.0,21.69,0.23400000000000004,0.0,0.0014016683554776736,-0.0025000000000000005,0.07516648189186453
10,7.0,800.0,5000000.0,21.69,0.23400000000000004,0.0,0.0014016683554776736,-0.0025000000000000005,0.07516648189186453
10,8.0,800.0,5000000.0,21.69,0.23400000000000004,0.0,0.0014016683554776736,-0.0025000000000000005,0.07516648189186453
10,9.0,800.0,5000000.0,21.69,0.23400000000000004,0.0,0.0014016683554776736,-0.0025000000000000005,0.07516648189186453
10,10.0,800.0,5000000.0,21.69,0.23400000000000004,0.0,0.0014016683554776736,-0.0025000000000000005,0.07516648189186453
10,0.0,800.0,5000000.0,21.69,0.23400000000000004,0.0,0.0014290568115560402,-0.0025000000000000005,0.075
10,1.0,800.0,5000000.0,21.69,0.23400000000000004,0.0,0.0014290568115560402,-0.0025000000000000005,0.075
10,2.0,800.0,5000000.0,21.69,0.23400000000000004,0.0,0.0014290568115560402,-0.0025000000000000005,0.075
10,3.0,800.0,5000000.0,21.69,0.23400000000000004,0.0,0.0014290568115560402,-0.0025000000000000005,0.075
10,4.0,800.0,5000000.0,21.69,0.23400000000000004,0.0,0.0014290568115560402,-0.0025000000000000005,0.075
10,5.0,800.0,5000000.0,21.69,0.23400000000000004,0.0,0.0014290568115560402,-0.0025000000000000005,0.075
10,6.0,800.0,5000000.0,21.69,0.23400000000000004,0.0,0.0014290568115560402,-0.0025000000000000005,0.075
10,7.0,800.0,5000000.0,21.69,0.23400000000000004,0.0,0.0014290568115560402,-0.0025000000000000005,0.075
10,8.0,800.0,5000000.0,21.69,0.23400000000000004,0.0,0.0014290568115560402,-0.0025000000000000005,0.075
10,9.0,800.0,5000000.0,21.69,0.23400000000000004,0.0,0.0014290568115560402,-0.0025000000000000005,0.075
10,10.0,800.0,5000000.0,21.69,0.23400000000000004,0.0,0.0014290568115560402,-0.0025000000000000005,0.075
20,0.0,800.0,5000000.0,21.69,0.23400000000000007,0.0,0.00010957025616937846,-0.0025000000000000005,0.01
20,1.0,800.0,5000000.0,21.69,0.23400000000000007,0.0,0.00010957025616937846,-0.0025000000000000005,0.01
20,2.0,800.0,5000000.0,21.69,0.23400000000000007,0.0,0.00010957025616937846,-0.0025000000000000005,0.01
20,3.0,800.0,5000000.0,21.69,0.23400000000000007,0.0,0.00010957025616937846,-0.0025000000000000005,0.01
20,4.0,800.0,5000000.0,21.69,0.23400000000000007,0.0,0.00010957025616937846,-0.0025000000000000005,0.01
20,5.0,800.0,5000000.0,21.69,0.23400000000000007,0.0,0.00010957025616937846,-0.0025000000000000005,0.01
20,6.0,800.0,5000000.0,21.69,0.23400000000000007,0.0,0.00010957025616937846,-0.0025000000000000005,0.01
20,7.0,800.0,5000000.0,21.69,0.23400000000000007,0.0,0.00010957025616937846,-0.0025000000000000005,0.01
20,8.0,800.0,5000000.0,21.69,0.23400000000000007,0.0,0.00010957025616937846,-0.0025000000000000005,0.01
20,9.0,800.0,5000000.0,21.69,0.23400000000000007,0.0,0.00010957025616937846,-0.0025000000000000005,0.01
20,10.0,800.0,5000000.0,21.69,0.23400000000000007,0.0,0.00010957025616937846,-0.0025000000000000005,0.01
20,0.0,800.0,5000000.0,21.69,0.23400000000000004,0.0,0.00012055334025485962,-0.0025000000000000005,0.005
20,1.0,800.0,5000000.0,21.69,0.23400000000000004,0.0,0.00012055334025485962,-0.0025000000000000005,0.005
20,2.0,800.0,5000000.0,21.69,0.23400000000000004,0.0,0.00012055334025485962,-0.0025000000000000005,0.005
20,3.0,800.0,5000000.0,21.69,0.23400000000000004,0.0,0.00012055334025485962,-0.0025000000000000005,0.005
20,4.0,800.0,5000000.0,21.69,0.23400000000000004,0.0,0.00012055334025485962,-0.0025000000000000005,0.005
20,5.0,800.0,5000000.0,21.69,0.23400000000000004,0.0,0.00012055334025485962,-0.0025000000000000005,0.005
20,6.0,800.0,5000000.0,21.69,0.23400000000000004,0.0,0.00012055334025485962,-0.0025000000000000005,0.005
20,7.0,800.0,5000000.0,21.69,0.23400000000000004,0.0,0.00012055334025485962,-0.0025000000000000005,0.005
20,8.0,800.0,5000000.0,21.69,0.23400000000000004,0.0,0.00012055334025485962,-0.0025000000000000005,0.005
20,9.0,800.0,5000000.0,21.69,0.23400000000000004,0.0,0.00012055334025485962,-0.0025000000000000005,0.005
20,10.0,800.0,5000000.0,21.69,0.23400000000000004,0.0,0.00012055334025485962,-0.0025000000000000005,0.005
20,0.0,800.0,5000000.0,21.69,0.23400000000000004,0.0,0.00012054085087541862,-0.0025000000000000005,0.0
20,1.0,800.0,5000000.0,21.69,0.23400000000000004,0.0,0.00012054085087541862,-0.0025000000000000005,0.0
20,2.0,800.0,5000000.0,21.69,0.23400000000000004,0.0,0.00012054085087541862,-0.0025000000000000005,0.0
20,3.0,800.0,5000000.0,21.69,0.23400000000000004,0.0,0.00012054085087541862,-0.0025000000000000005,0.0
20,4.0,800.0,5000000.0,21.69,0.23400000000000004,0.0,0.00012054085087541862,-0.0025000000000000005,0.0
20,5.0,800.0,5000000.0,21.69,0.23400000000000004,0.0,0.00012054085087541862,-0.0025000000000000005,0.0
20,6.0,800.0,5000000.0,21.69,0.23400000000000004,0.0,0.00012054085087541862,-0.0025000000000000005,0.0
20,7.0,800.0,5000000.0,21.69,0.23400000000000004,0.0,0.00012054085087541862,-0.0025000000000000005,0.0
20,8.0,800.0,5000000.0,21.69,0.23400000000000004,0.0,0.00012054085087541862,-0.0025000000000000005,0.0
20,9.0,800.0,5000000.0,21.69,0.23400000000000004,0.0,0.00012054085087541862,-0.0025000000000000005,0.0
20,10.0,800.0,5000000.0,21.69,0.23400000000000004,0.0,0.00012054085087541862,-0.0025000000000000005,0.0
20,0.0,800.0,5000000.0,21.69,0.23400000000000007,0.0,0.0003286513203032986,-0.0025000000000000005,0.018027756377319945
20,1.0,800.0,5000000.0,21.69,0.23400000000000007,0.0,0.0003286513203032986,-0.0025000000000000005,0.018027756377319945
20,2.0,800.0,5000000.0,21.69,0.23400000000000007,0.0,0.0003286513203032986,-0.0025000000000000005,0.018027756377319945
20,3.0,800.0,5000000.0,21.69,0.23400000000000007,0.0,0.0003286513203032986,-0.0025000000000000005,0.018027756377319945
20,4.0,800.0,5000000.0,21.69,0.23400000000000007,0.0,0.0003286513203032986,-0.0025000000000000005,0.018027756377319945
20,5.0,800.0,5000000.0,21.69,0.23400000000000007,0.0,0.0003286513203032986,-0.0025000000000000005,0.018027756377319945
20,6.0,800.0,5000000.0,21.69,0.23400000000000007,0.0,0.0003286513203032986,-0.0025000000000000005,0.018027756377319945
20,7.0,800.0,5000000.0,21.69,0.23400000000000007,0.0,0.0003286513203032986,-0.0025000000000000005,0.018027756377319945
20,8.0,800.0,5000000.0,21.69,0.23400000000000007,0.0,0.0003286513203032986,-0.0025000000000000005,0.018027756377319945
20,9.0,800.0,5000000.0,21.69,0.23400000000000007,0.0,0.0003286513203032986,-0.0025000000000000005,0.018027756377319945
20,10.0,800.0,5000000.0,21.69,0.23400000000000007,0.0,0.0003286513203032986,-0.0025000000000000005,0.018027756377319945
20,0.0,800.0,5000000.0,21.69,0.23400000000000004,0.0,0.00036157607262496947,-0.0025000000000000005,0.015811388300841896
20,1.0,800.0,5000000.0,21.69,0.23400000000000004,0.0,0.00036157607262496947,-0.0025000000000000005,0.015811388300841896
20,2.0,800.0,5000000.0,21.69,0.23400000000000004,0.0,0.00036157607262496947,-0.0025000000000000005,0.015811388300841896
20,3.0,800.0,5000000.0,21.69,0.23400000000000004,0.0,0.00036157607262496947,-0.0025000000000000005,0.015811388300841896
20,4.0,800.0,5000000.0,21.69,0.23400000000000004,0.0,0.00036157607262496947,-0.0025000000000000005,0.015811388300841896
20,5.0,800.0,5000000.0,21.69,0.23400000000000004,0.0,0.00036157607262496947,-0.0025000000000000005,0.015811388300841896
20,6.0,800.0,5000000.0,21.69,0.23400000000000004,0.0,0.00036157607262496947,-0.0025000000000000005,0.015811388300841896
20,7.0,800.0,5000000.0,21.69,0.23400000000000004,0.0,0.00036157607262496947,-0.0025000000000000005,0.015811388300841896
20,8.0,800.0,5000000.0,21.69,0.23400000000000004,0.0,0.00036157607262496947,-0.0025000000000000005,0.015811388300841896
20,9.0,800.0,5000000.0,21.69,0.23400000000000004,0.0,0.00036157607262496947,-0.0025000000000000005,0.015811388300841896
20,10.0,800.0,5000000.0,21.69,0.23400000000000004,0.0,0.00036157607262496947,-0.0025000000000000005,0.015811388300841896
20,0.0,800.0,5000000.0,21.69,0.23400000000000004,0.0,0.00036156958871388044,-0.0025000000000000005,0.015
20,1.0,800.0,5000000.0,21.69,0.23400000000000004,0.0,0.00036156958871388044,-0.0025000000000000005,0.015
20,2.0,800.0,5000000.0,21.69,0.23400000000000004,0.0,0.00036156958871388044,-0.0025000000000000005,0.015
20,3.0,800.0,5000000.0,21.69,0.23400000000000004,0.0,0.00036156958871388044,-0.0025000000000000005,0.015
20,4.0,800.0,5000000.0,21.69,0.23400000000000004,0.0,0.00036156958871388044,-0.0025000000000000005,0.015
20,5.0,800.0,5000000.0,21.69,0.23400000000000004,0.0,0.00036156958871388044,-0.0025000000000000005,0.015
20,6.0,800.0,5000000.0,21.69,0.23400000000000004,0.0,0.00036156958871388044,-0.0025000000000000005,0.015
20,7.0,800.0,5000000.0,21.69,0.23400000000000004,0.0,0.00036156958871388044,-0.0025000000000000005,0.015
20,8.0,800.0,5000000.0,21.69,0.23400000000000004,0.0,0.00036156958871388044,-0.0025000000000000005,0.015
20,9.0,800.0,5000000.0,21.69,0.23400000000000004,0.0,0.00036156958871388044,-0.0025000000000000005,0.015
20,10.0,800.0,5000000.0,21.69,0.23400000000000004,0.0,0.00036156958871388044,-0.0025000000000000005,0.015
20,0.0,800.0,5000000.0,21.69,0.23400000000000007,0.0,0.0004229589619607745,-0.0025000000000000005,0.03162277660168379
20,1.0,800.0,5000000.0,21.69,0.23400000000000007,0.0,0.0004229589619607745,-0.0025000000000000005,0.03162277660168379
20,2.0,800.0,5000000.0,21.69,0.23400000000000007,0.0,0.0004229589619607745,-0.0025000000000000005,0.03162277660168379
20,3.0,800.0,5000000.0,21.69,0.23400000000000007,0.0,0.0004229589619607745,-0.0025000000000000005,0.03162277660168379
20,4.0,800.0,5000000.0,21.69,0.23400000000000007,0.0,0.0004229589619607745,-0.0025000000000000005,0.03162277660168379
20,5.0,800.0,5000000.0,21.69,0.23400000000000007,0.0,0.0004229589619607745,-0.0025000000000000005,0.03162277660168379
20,6.0,800.0,5000000.0,21.69,0.23400000000000007,0.0,0.0004229589619607745,-0.0025000000000000005,0.03162277660168379
20,7.0,800.0,5000000.0,21.69,0.23400000000000007,0.0,0.0004229589619607745,-0.0025000000000000005,0.03162277660168379
20,8.0,800.0,5000000.0,21.69,0.23400000000000007,0.0,0.0004229589619607745,-0.0025000000000000005,0.03162277660168379
20,9.0,800.0,5000000.0,21.69,0.23400000000000007,0.0,0.0004229589619607745,-0.0025000000000000005,0.03162277660168379
20,10.0,800.0,5000000.0,21.69,0.23400000000000007,0.0,0.0004229589619607745,-0.0025000000000000005,0.03162277660168379
20,0.0,800.0,5000000.0,21.69,0.23400000000000004,0.0,0.00046530867130752763,-0.0025000000000000005,0.0304138126514911
20,1.0,800.0,5000000.0,21.69,0.23400000000000004,0.0,0.00046530867130752763,-0.0025000000000000005,0.0304138126514911
20,2.0,800.0,5000000.0,21.69,0.23400000000000004,0.0,0.00046530867130752763,-0.0025000000000000005,0.0304138126514911
20,3.0,800.0,5000000.0,21.69,0.23400000000000004,0.0,0.00046530867130752763,-0.0025000000000000005,0.0304138126514911
20,4.0,800.0,5000000.0,21.69,0.23400000000000004,0.0,0.00046530867130752763,-0.0025000000000000005,0.0304138126514911
20,5.0,800.0,5000000.0,21.69,0.23400000000000004,0.0,0.00046530867130752763,-0.0025000000000000005,0.0304138126514911
20,6.0,800.0,5000000.0,21.69,0.23400000000000004,0.0,0.00046530867130752763,-0.0025000000000000005,0.0304138126514911
20,7.0,800.0,5000000.0,21.69,0.23400000000000004,0.0,0.00046530867130752763,-0.0025000000000000005,0.0304138126514911
20,8.0,800.0,5000000.0,21.69,0.23400000000000004,0.0,0.00046530867130752763,-0.0025000000000000005,0.0304138126514911
20,9.0,800.0,5000000.0,21.69,0.23400000000000004,0.0,0.00046530867130752763,-0.0025000000000000005,0.0304138126514911
20,10.0,800.0,5000000.0,21.69,0.23400000000000004,0.0,0.00046530867130752763,-0.0025000000000000005,0.0304138126514911
20,0.0,800.0,5000000.0,21.69,0.23400000000000004,0.0,0.0004653153748215439,-0.0025000000000000005,0.03
20,1.0,800.0,5000000.0,21.69,0.23400000000000004,0.0,0.0004653153748215439,-0.0025000000000000005,0.03
20,2.0,800.0,5000000.0,21.69,0.23400000000000004,0.0,0.0004653153748215439,-0.0025000000000000005,0.03
20,3.0,800.0,5000000.0,21.69,0.23400000000000004,0.0,0.0004653153748215439,-0.0025000000000000005,0.03
20,4.0,800.0,5000000.0,21.69,0.23400000000000004,0.0,0.0004653153748215439,-0.0025000000000000005,0.03
20,5.0,800.0,5000000.0,21.69,0.23400000000000004,0.0,0.0004653153748215439,-0.0025000000000000005,0.03
20,6.0,800.0,5000000.0,21.69,0.23400000000000004,0.0,0.0004653153748215439,-0.0025000000000000005,0.03
20,7.0,800.0,5000000.0,21.69,0.23400000000000004,0.0,0.0004653153748215439,-0.0025000000000000005,0.03
20,8.0,800.0,5000000.0,21.69,0.23400000000000004,0.0,0.0004653153748215439,-0.0025000000000000005,0.03
20,9.0,800.0,5000000.0,21.69,0.23400000000000004,0.0,0.0004653153748215439,-0.0025000000000000005,0.03
20,10.0,800.0,5000000.0,21.69,0.23400000000000004,0.0,0.0004653153748215439,-0.0025000000000000005,0.03
20,0.0,800.0,5000000.0,21.69,0.23400000000000007,0.0,0.00042751090428115254,-0.0025000000000000005,0.046097722286464436
20,1.0,800.0,5000000.0,21.69,0.23400000000000007,0.0,0.00042751090428115254,-0.0025000000000000005,0.046097722286464436
20,2.0,800.0,5000000.0,21.69,0.23400000000000007,0.0,0.00042751090428115254,-0.0025000000000000005,0.046097722286464436
20,3.0,800.0,5000000.0,21.69,0.23400000000000007,0.0,0.00042751090428115254,-0.0025000000000000005,0.046097722286464436
20,4.0,800.0,5000000.0,21.69,0.23400000000000007,0.0,0.00042751090428115254,-0.0025000000000000005,0.046097722286464436
20,5.0,800.0,5000000.0,21.69,0.23400000000000007,0.0,0.00042751090428115254,-0.0025000000000000005,0.046097722286464436
20,6.0,800.0,5000000.0,21.69,0.23400000000000007,0.0,0.00042751090428115254,-0.0025000000000000005,0.046097722286464436
20,7.0,800.0,5000000.0,21.69,0.23400000000000007,0.0,0.00042751090428115254,-0.0025000000000000005,0.046097722286464436
20,8.0,800.0,5000000.0,21.69,0.23400000000000007,0.0,0.00042751090428115254,-0.0025000000000000005,0.046097722286464436
20,9.0,800.0,5000000.0,21.69,0.23400000000000007,0.0,0.00042751090428115254,-0.0025000000000000005,0.046097722286464436
20,10.0,800.0,5000000.0,21.69,0.23400000000000007,0.0,0.00042751090428115254,-0.0025000000000000005,0.046097722286464436
20,0.0,800.0,5000000.0,21.69,0.23400000000000004,0.0,0.0004703033299779481,-0.0025000000000000005,0.04527692569068708
20,1.0,800.0,5000000.0,21.69,0.23400000000000004,0.0,0.0004703033299779481,-0.0025000000000000005,0.04527692569068708
20,2.0,800.0,5000000.0,21.69,0.23400000000000004,0.0,0.0004703033299779481,-0.0025000000000000005,0.04527692569068708
20,3.0,800.0,5000000.0,21.69,0.23400000000000004,0.0,0.0004703033299779481,-0.0025000000000000005,0.04527692569068708
20,4.0,800.0,5000000.0,21.69,0.23400000000000004,0.0,0.0004703033299779481,-0.0025000000000000005,0.04527692569068708
20,5.0,800.0,5000000.0,21.69,0.23400000000000004,0.0,0.0004703033299779481,-0.0025000000000000005,0.04527692569068708
20,6.0,800.0,5000000.0,21.69,0.23400000000000004,0.0,0.0004703033299779481,-0.0025000000000000005,0.04527692569068708
20,7.0,800.0,5000000.0,21.69,0.23400000000000004,0.0,0.0004703033299779481,-0.0025000000000000005,0.04527692569068708
20,8.0,800.0,5000000.0,21.69,0.23400000000000004,0.0,0.0004703033299779481,-0.0025000000000000005,0.04527692569068708
20,9.0,800.0,5000000.0,21.69,0.23400000000000004,0.0,0.0004703033299779481,-0.0025000000000000005,0.04527692569068708
20,10.0,800.0,5000000.0,21.69,0.23400000000000004,0.0,0.0004703033299779481,-0.0025000000000000005,0.04527692569068708
20,0.0,800.0,5000000.0,21.69,0.23400000000000004,0.0,0.00047031262711844064,-0.0025000000000000005,0.045
20,1.0,800.0,5000000.0,21.69,0.23400000000000004,0.0,0.00047031262711844064,-0.0025000000000000005,0.045
20,2.0,800.0,5000000.0,21.69,0.23400000000000004,0.0,0.00047031262711844064,-0.0025000000000000005,0.045
20,3.0,800.0,5000000.0,21.69,0.23400000000000004,0.0,0.00047031262711844064,-0.0025000000000000005,0.045
20,4.0,800.0,5000000.0,21.69,0.23400000000000004,0.0,0.00047031262711844064,-0.0025000000000000005,0.045
20,5.0,800.0,5000000.0,21.69,0.23400000000000004,0.0,0.00047031262711844064,-0.0025000000000000005,0.045
20,6.0,800.0,5000000.0,21.69,0.23400000000000004,0.0,0.00047031262711844064,-0.0025000000000000005,0.045
20,7.0,800.0,5000000.0,21.69,0.23400000000000004,0.0,0.00047031262711844064,-0.0025000000000000005,0.045
20,8.0,800.0,5000000.0,21.69,0.23400000000000004,0.0,0.00047031262711844064,-0.0025000000000000005,0.045
20,9.0,800.0,5000000.0,21.69,0.23400000000000004,0.0,0.00047031262711844064,-0.0025000000000000005,0.045
20,10.0,800.0,5000000.0,21.69,0.23400000000000004,0.0,0.00047031262711844064,-0.0025000000000000005,0.045
20,0.0,800.0,5000000.0,21.69,0.23400000000000007,0.0,0.00028694520708539753,-0.0025000000000000005,0.0608276253029822
20,1.0,800.0,5000000.0,21.69,0.23400000000000007,0.0,0.00028694520708539753,-0.0025000000000000005,0.0608276253029822
20,2.0,800.0,5000000.0,21.69,0.23400000000000007,0.0,0.00028694520708539753,-0.0025000000000000005,0.0608276253029822
20,3.0,800.0,5000000.0,21.69,0.23400000000000007,0.0,0.00028694520708539753,-0.0025000000000000005,0.0608276253029822
20,4.0,800.0,5000000.0,21.69,0.23400000000000007,0.0,0.00028694520708539753,-0.0025000000000000005,0.0608276253029822
20,5.0,800.0,5000000.0,21.69,0.23400000000000007,0.0,0.00028694520708539753,-0.0025000000000000005,0.0608276253029822
20,6.0,800.0,5000000.0,21.69,0.23400000000000007,0.0,0.00028694520708539753,-0.0025000000000000005,0.0608276253029822
20,7.0,800.0,5000000.0,21.69,0.23400000000000007,0.0,0.00028694520708539753,-0.0025000000000000005,0.0608276253029822
20,8.0,800.0,5000000.0,21.69,0.23400000000000007,0.0,0.00028694520708539753,-0.0025000000000000005,0.0608276253029822
20,9.0,800.0,5000000.0,21.69,0.23400000000000007,0.0,0.00028694520708539753,-0.0025000000000000005,0.0608276253029822
20,10.0,800.0,5000000.0,21.69,0.23400000000000007,0.0,0.00028694520708539753,-0.0025000000000000005,0.0608276253029822
20,0.0,800.0,5000000.0,21.69,0.23400000000000004,0.0,0.00031509088270565534,-0.0025000000000000005,0.06020797289396147
20,1.0,800.0,5000000.0,21.69,0.23400000000000004,0.0,0.00031509088270565534,-0.0025000000000000005,0.06020797289396147
20,2.0,800.0,5000000.0,21.69,0.23400000000000004,0.0,0.00031509088270565534,-0.0025000000000000005,0.06020797289396147
20,3.0,800.0,5000000.0,21.69,0.23400000000000004,0.0,0.00031509088270565534,-0.0025000000000000005,0.06020797289396147
20,4.0,800.0,5000000.0,21.69,0.23400000000000004,0.0,0.00031509088270565534,-0.0025000000000000005,0.06020797289396147
20,5.0,800.0,5000000.0,21.69,0.23400000000000004,0.0,0.00031509088270565534,-0.0025000000000000005,0.06020797289396147
20,6.0,800.0,5000000.0,21.69,0.23400000000000004,0.0,0.00031509088270565534,-0.0025000000000000005,0.06020797289396147
20,7.0,800.0,5000000.0,21.69,0.23400000000000004,0.0,0.00031509088270565534,-0.0025000000000000005,0.06020797289396147
20,8.0,800.0,5000000.0,21.69,0.23400000000000004,0.0,0.00031509088270565534,-0.0025000000000000005,0.06020797289396147
20,9.0,800.0,5000000.0,21.69,0.23400000000000004,0.0,0.00031509088270565534,-0.0025000000000000005,0.06020797289396147
20,10.0,800.0,5000000.0,21.69,0.23400000000000004,0.0,0.00031509088270565534,-0.0025000000000000005,0.06020797289396147
20,0.0,800.0,5000000.0,21.69,0.23400000000000004,0.0,0.00031499376054164454,-0.0025000000000000005,0.06
20,1.0,800.0,5000000.0,21.69,0.23400000000000004,0.0,0.00031499376054164454,-0.0025000000000000005,0.06
20,2.0,800.0,5000000.0,21.69,0.23400000000000004,0.0,0.00031499376054164454,-0.0025000000000000005,0.06
20,3.0,800.0,5000000.0,21.69,0.23400000000000004,0.0,0.00031499376054164454,-0.0025000000000000005,0.06
20,4.0,800.0,5000000.0,21.69,0.23400000000000004,0.0,0.00031499376054164454,-0.0025000000000000005,0.06
20,5.0,800.0,5000000.0,21.69,0.23400000000000004,0.0,0.00031499376054164454,-0.0025000000000000005,0.06
20,6.0,800.0,5000000.0,21.69,0.23400000000000004,0.0,0.00031499376054164454,-0.0025000000000000005,0.06
20,7.0,800.0,5000000.0,21.69,0.23400000000000004,0.0,0.00031499376054164454,-0.0025000000000000005,0.06
20,8.0,800.0,5000000.0,21.69,0.23400000000000004,0.0,0.00031499376054164454,-0.0025000000000000005,0.06
20,9.0,800.0,5000000.0,21.69,0.23400000000000004,0.0,0.00031499376054164454,-0.0025000000000000005,0.06
20,10.0,800.0,5000000.0,21.69,0.23400000000000004,0.0,0.00031499376054164454,-0.0025000000000000005,0.06
20,0.0,800.0,5000000.0,21.69,0.23400000000000007,0.0,0.001496623202557244,-0.0025000000000000005,0.07566372975210778
20,1.0,800.0,5000000.0,21.69,0.23400000000000007,0.0,0.001496623202557244,-0.0025000000000000005,0.07566372975210778
20,2.0,800.0,5000000.0,21.69,0.23400000000000007,0.0,0.001496623202557244,-0.0025000000000000005,0.07566372975210778
20,3.0,800.0,5000000.0,21.69,0.23400000000000007,0.0,0.001496623202557244,-0.0025000000000000005,0.07566372975210778
20,4.0,800.0,5000000.0,21.69,0.23400000000000007,0.0,0.001496623202557244,-0.0025000000000000005,0.07566372975210778
20,5.0,800.0,5000000.0,21.69,0.23400000000000007,0.0,0.001496623202557244,-0.0025000000000000005,0.07566372975210778
20,6.0,800.0,5000000.0,21.69,0.23400000000000007,0.0,0.001496623202557244,-0.0025000000000000005,0.07566372975210778
20,7.0,800.0,5000000.0,21.69,0.23400000000000007,0.0,0.001496623202557244,-0.0025000000000000005,0.07566372975210778
20,8.0,800.0,5000000.0,21.69,0.23400000000000007,0.0,0.001496623202557244,-0.0025000000000000005,0.07566372975210778
20,9.0,800.0,5000000.0,21.69,0.23400000000000007,0.0,0.001496623202557244,-0.0025000000000000005,0.07566372975210778
20,10.0,800.0,5000000.0,21.69,0.23400000000000007,0.0,0.001496623202557244,-0.0025000000000000005,0.07566372975210778
20,0.0,800.0,5000000.0,21.69,0.23400000000000004,0.0,0.0014016683554776736,-0.0025000000000000005,0.07516648189186453
20,1.0,800.0,5000000.0,21.69,0.23400000000000004,0.0,0.0014016683554776736,-0.0025000000000000005,0.07516648189186453
20,2.0,800.0,5000000.0,21.69,0.23400000000000004,0.0,0.0014016683554776736,-0.0025000000000000005,0.07516648189186453
20,3.0,800.0,5000000.0,21.69,0.23400000000000004,0.0,0.0014016683554776736,-0.0025000000000000005,0.07516648189186453
20,4.0,800.0,5000000.0,21.69,0.23400000000000004,0.0,0.0014016683554776736,-0.0025000000000000005,0.07516648189186453
20,5.0,800.0,5000000.0,21.69,0.23400000000000004,0.0,0.0014016683554776736,-0.0025000000000000005,0.07516648189186453
20,6.0,800.0,5000000.0,21.69,0.23400000000000004,0.0,0.0014016683554776736,-0.0025000000000000005,0.07516648189186453
20,7.0,800.0,5000000.0,21.69,0.23400000000000004,0.0,0.0014016683554776736,-0.0025000000000000005,0.07516648189186453
20,8.0,800.0,5000000.0,21.69,0.23400000000000004,0.0,0.0014016683554776736,-0.0025000000000000005,0.07516648189186453
20,9.0,800.0,5000000.0,21.69,0.23400000000000004,0.0,0.0014016683554776736,-0.0025000000000000005,0.07516648189186453
20,10.0,800.0,5000000.0,21.69,0.23400000000000004,0.0,0.0014016683554776736,-0.0025000000000000005,0.07516648189186453
20,0.0,800.0,5000000.0,21.69,0.23400000000000004,0.0,0.0014290568115560402,-0.0025000000000000005,0.075
20,1.0,800.0,5000000.0,21.69,0.23400000000000004,0.0,0.0014290568115560402,-0.0025000000000000005,0.075
20,2.0,800.0,5000000.0,21.69,0.23400000000000004,0.0,0.0014290568115560402,-0.0025000000000000005,0.075
20,3.0,800.0,5000000.0,21.69,0.23400000000000004,0.0,0.0014290568115560402,-0.0025000000000000005,0.075
20,4.0,800.0,5000000.0,21.69,0.23400000000000004,0.0,0.0014290568115560402,-0.0025000000000000005,0.075
20,5.0,800.0,5000000.0,21.69,0.23400000000000004,0.0,0.0014290568115560402,-0.0025000000000000005,0.075
20,6.0,800.0,5000000.0,21.69,0.23400000000000004,0.0,0.0014290568115560402,-0.0025000000000000005,0.075
20,7.0,800.0,5000000.0,21.69,0.23400000000000004,0.0,0.0014290568115560402,-0.0025000000000000005,0.075
20,8.0,800.0,5000000.0,21.69,0.23400000000000004,0.0,0.0014290568115560402,-0.0025000000000000005,0.075
20,9.0,800.0,5000000.0,21.69,0.23400000000000004,0.0,0.0014290568115560402,-0.0025000000000000005,0.075
20,10.0,800.0,5000000.0,21.69,0.23400000000000004,0.0,0.0014290568115560402,-0.0025000000000000005,0.075
50,0.0,800.0,5000000.0,21.69,0.23400000000000007,0.0,0.00010957025616937846,-0.0025000000000000005,0.01
50,1.0,800.0,5000000.0,21.69,0.23400000000000007,0.0,0.00010957025616937846,-0.0025000000000000005,0.01
50,2.0,800.0,5000000.0,21.69,0.23400000000000007,0.0,0.00010957025616937846,-0.0025000000000000005,0.01
50,3.0,800.0,5000000.0,21.69,0.23400000000000007,0.0,0.00010957025616937846,-0.0025000000000000005,0.01
50,4.0,800.0,5000000.0,21.69,0.23400000000000007,0.0,0.00010957025616937846,-0.0025000000000000005,0.01
50,5.0,800.0,5000000.0,21.69,0.23400000000000007,0.0,0.00010957025616937846,-0.0025000000000000005,0.01
50,6.0,800.0,5000000.0,21.69,0.23400000000000007,0.0,0.00010957025616937846,-0.0025000000000000005,0.01
50,7.0,800.0,5000000.0,21.69,0.23400000000000007,0.0,0.00010957025616937846,-0.0025000000000000005,0.01
50,8.0,800.0,5000000.0,21.69,0.23400000000000007,0.0,0.00010957025616937846,-0.0025000000000000005,0.01
50,9.0,800.0,5000000.0,21.69,0.23400000000000007,0.0,0.00010957025616937846,-0.0025000000000000005,0.01
50,10.0,800.0,5000000.0,21.69,0.23400000000000007,0.0,0.00010957025616937846,-0.0025000000000000005,0.01
50,0.0,800.0,5000000.0,21.69,0.23400000000000004,0.0,0.00012055334025485962,-0.0025000000000000005,0.005
50,1.0,800.0,5000000.0,21.69,0.23400000000000004,0.0,0.00012055334025485962,-0.0025000000000000005,0.005
50,2.0,800.0,5000000.0,21.69,0.23400000000000004,0.0,0.00012055334025485962,-0.0025000000000000005,0.005
50,3.0,800.0,5000000.0,21.69,0.23400000000000004,0.0,0.00012055334025485962,-0.0025000000000000005,0.005
50,4.0,800.0,5000000.0,21.69,0.23400000000000004,0.0,0.00012055334025485962,-0.0025000000000000005,0.005
50,5.0,800.0,5000000.0,21.69,0.23400000000000004,0.0,0.00012055334025485962,-0.0025000000000000005,0.005
50,6.0,800.0,5000000.0,21.69,0.23400000000000004,0.0,0.00012055334025485962,-0.0025000000000000005,0.005
50,7.0,800.0,5000000.0,21.69,0.23400000000000004,0.0,0.00012055334025485962,-0.0025000000000000005,0.005
50,8.0,800.0,5000000.0,21.69,0.23400000000000004,0.0,0.00012055334025485962,-0.0025000000000000005,0.005
50,9.0,800.0,5000000.0,21.69,0.23400000000000004,0.0,0.00012055334025485962,-0.0025000000000000005,0.005
50,10.0,800.0,5000000.0,21.69,0.23400000000000004,0.0,0.00012055334025485962,-0.0025000000000000005,0.005
50,0.0,800.0,5000000.0,21.69,0.23400000000000004,0.0,0.00012054085087541862,-0.0025000000000000005,0.0
50,1.0,800.0,5000000.0,21.69,0.23400000000000004,0.0,0.00012054085087541862,-0.0025000000000000005,0.0
50,2.0,800.0,5000000.0,21.69,0.23400000000000004,0.0,0.00012054085087541862,-0.0025000000000000005,0.0
50,3.0,800.0,5000000.0,21.69,0.23400000000000004,0.0,0.00012054085087541862,-0.0025000000000000005,0.0
50,4.0,800.0,5000000.0,21.69,0.23400000000000004,0.0,0.00012054085087541862,-0.0025000000000000005,0.0
50,5.0,800.0,5000000.0,21.69,0.23400000000000004,0.0,0.00012054085087541862,-0.0025000000000000005,0.0
50,6.0,800.0,5000000.0,21.69,0.23400000000000004,0.0,0.00012054085087541862,-0.0025000000000000005,0.0
50,7.0,800.0,5000000.0,21.69,0.23400000000000004,0.0,0.00012054085087541862,-0.0025000000000000005,0.0
50,8.0,800.0,5000000.0,21.69,0.23400000000000004,0.0,0.00012054085087541862,-0.0025000000000000005,0.0
50,9.0,800.0,5000000.0,21.69,0.23400000000000004,0.0,0.00012054085087541862,-0.0025000000000000005,0.0
50,10.0,800.0,5000000.0,21.69,0.23400000000000004,0.0,0.00012054085087541862,-0.0025000000000000005,0.0
50,0.0,800.0,5000000.0,21.69,0.23400000000000007,0.0,0.0003286513203032986,-0.0025000000000000005,0.018027756377319945
50,1.0,800.0,5000000.0,21.69,0.23400000000000007,0.0,0.0003286513203032986,-0.0025000000000000005,0.018027756377319945
50,2.0,800.0,5000000.0,21.69,0.23400000000000007,0.0,0.0003286513203032986,-0.0025000000000000005,0.018027756377319945
50,3.0,800.0,5000000.0,21.69,0.23400000000000007,0.0,0.0003286513203032986,-0.0025000000000000005,0.018027756377319945
50,4.0,800.0,5000000.0,21.69,0.23400000000000007,0.0,0.0003286513203032986,-0.0025000000000000005,0.018027756377319945
50,5.0,800.0,5000000.0,21.69,0.23400000000000007,0.0,0.0003286513203032986,-0.0025000000000000005,0.018027756377319945
50,6.0,800.0,5000000.0,21.69,0.23400000000000007,0.0,0.0003286513203032986,-0.0025000000000000005,0.018027756377319945
50,7.0,800.0,5000000.0,21.69,0.23400000000000007,0.0,0.0003286513203032986,-0.0025000000000000005,0.018027756377319945
50,8.0,800.0,5000000.0,21.69,0.23400000000000007,0.0,0.0003286513203032986,-0.0025000000000000005,0.018027756377319945
50,9.0,800.0,5000000.0,21.69,0.23400000000000007,0.0,0.0003286513203032986,-0.0025000000000000005,0.018027756377319945
50,10.0,800.0,5000000.0,21.69,0.23400000000000007,0.0,0.0003286513203032986,-0.0025000000000000005,0.018027756377319945
50,0.0,800.0,5000000.0,21.69,0.23400000000000004,0.0,0.00036157607262496947,-0.0025000000000000005,0.015811388300841896
50,1.0,800.0,5000000.0,21.69,0.23400000000000004,0.0,0.00036157607262496947,-0.0025000000000000005,0.015811388300841896
50,2.0,800.0,5000000.0,21.69,0.23400000000000004,0.0,0.00036157607262496947,-0.0025000000000000005,0.015811388300841896
50,3.0,800.0,5000000.0,21.69,0.23400000000000004,0.0,0.00036157607262496947,-0.0025000000000000005,0.015811388300841896
50,4.0,800.0,5000000.0,21.69,0.23400000000000004,0.0,0.00036157607262496947,-0.0025000000000000005,0.015811388300841896
50,5.0,800.0,5000000.0,21.69,0.23400000000000004,0.0,0.00036157607262496947,-0.0025000000000000005,0.015811388300841896
50,6.0,800.0,5000000.0,21.69,0.23400000000000004,0.0,0.00036157607262496947,-0.0025000000000000005,0.015811388300841896
50,7.0,800.0,5000000.0,21.69,0.23400000000000004,0.0,0.00036157607262496947,-0.0025000000000000005,0.015811388300841896
50,8.0,800.0,5000000.0,21.69,0.23400000000000004,0.0,0.00036157607262496947,-0.0025000000000000005,0.015811388300841896
50,9.0,800.0,5000000.0,21.69,0.23400000000000004,0.0,0.00036157607262496947,-0.0025000000000000005,0.015811388300841896
50,10.0,800.0,5000000.0,21.69,0.23400000000000004,0.0,0.00036157607262496947,-0.0025000000000000005,0.015811388300841896
50,0.0,800.0,5000000.0,21.69,0.23400000000000004,0.0,0.00036156958871388044,-0.0025000000000000005,0.015
50,1.0,800.0,5000000.0,21.69,0.23400000000000004,0.0,0.00036156958871388044,-0.0025000000000000005,0.015
50,2.0,800.0,5000000.0,21.69,0.23400000000000004,0.0,0.00036156958871388044,-0.0025000000000000005,0.015
50,3.0,800.0,5000000.0,21.69,0.23400000000000004,0.0,0.00036156958871388044,-0.0025000000000000005,0.015
50,4.0,800.0,5000000.0,21.69,0.23400000000000004,0.0,0.00036156958871388044,-0.0025000000000000005,0.015
50,5.0,800.0,5000000.0,21.69,0.23400000000000004,0.0,0.00036156958871388044,-0.0025000000000000005,0.015
50,6.0,800.0,5000000.0,21.69,0.23400000000000004,0.0,0.00036156958871388044,-0.0025000000000000005,0.015
50,7.0,800.0,5000000.0,21.69,0.23400000000000004,0.0,0.00036156958871388044,-0.0025000000000000005,0.015
50,8.0,800.0,5000000.0,21.69,0.23400000000000004,0.0,0.00036156958871388044,-0.0025000000000000005,0.015
50,9.0,800.0,5000000.0,21.69,0.23400000000000004,0.0,0.00036156958871388044,-0.0025000000000000005,0.015
50,10.0,800.0,5000000.0,21.69,0.23400000000000004,0.0,0.00036156958871388044,-0.0025000000000000005,0.015
50,0.0,800.0,5000000.0,21.69,0.23400000000000007,0.0,0.0004229589619607745,-0.0025000000000000005,0.03162277660168379
50,1.0,800.0,5000000.0,21.69,0.23400000000000007,0.0,0.0004229589619607745,-0.0025000000000000005,0.03162277660168379
50,2.0,800.0,5000000.0,21.69,0.23400000000000007,0.0,0.0004229589619607745,-0.0025000000000000005,0.03162277660168379
50,3.0,800.0,5000000.0,21.69,0.23400000000000007,0.0,0.0004229589619607745,-0.0025000000000000005,0.03162277660168379
50,4.0,800.0,5000000.0,21.69,0.23400000000000007,0.0,0.0004229589619607745,-0.0025000000000000005,0.03162277660168379
50,5.0,800.0,5000000.0,21.69,0.23400000000000007,0.0,0.0004229589619607745,-0.0025000000000000005,0.03162277660168379
50,6.0,800.0,5000000.0,21.69,0.23400000000000007,0.0,0.0004229589619607745,-0.0025000000000000005,0.03162277660168379
50,7.0,800.0,5000000.0,21.69,0.23400000000000007,0.0,0.0004229589619607745,-0.0025000000000000005,0.03162277660168379
50,8.0,800.0,5000000.0,21.69,0.23400000000000007,0.0,0.0004229589619607745,-0.0025000000000000005,0.03162277660168379
50,9.0,800.0,5000000.0,21.69,0.23400000000000007,0.0,0.0004229589619607745,-0.0025000000000000005,0.03162277660168379
50,10.0,800.0,5000000.0,21.69,0.23400000000000007,0.0,0.0004229589619607745,-0.0025000000000000005,0.03162277660168379
50,0.0,800.0,5000000.0,21.69,0.23400000000000004,0.0,0.00046530867130752763,-0.0025000000000000005,0.0304138126514911
50,1.0,800.0,5000000.0,21.69,0.23400000000000004,0.0,0.00046530867130752763,-0.0025000000000000005,0.0304138126514911
50,2.0,800.0,5000000.0,21.69,0.23400000000000004,0.0,0.00046530867130752763,-0.0025000000000000005,0.0304138126514911
50,3.0,800.0,5000000.0,21.69,0.23400000000000004,0.0,0.00046530867130752763,-0.0025000000000000005,0.0304138126514911
50,4.0,800.0,5000000.0,21.69,0.23400000000000004,0.0,0.00046530867130752763,-0.0025000000000000005,0.0304138126514911
50,5.0,800.0,5000000.0,21.69,0.23400000000000004,0.0,0.00046530867130752763,-0.0025000000000000005,0.0304138126514911
50,6.0,800.0,5000000.0,21.69,0.23400000000000004,0.0,0.00046530867130752763,-0.0025000000000000005,0.0304138126514911
50,7.0,800.0,5000000.0,21.69,0.23400000000000004,0.0,0.00046530867130752763,-0.0025000000000000005,0.0304138126514911
50,8.0,800.0,5000000.0,21.69,0.23400000000000004,0.0,0.00046530867130752763,-0.0025000000000000005,0.0304138126514911
50,9.0,800.0,5000000.0,21.69,0.23400000000000004,0.0,0.00046530867130752763,-0.0025000000000000005,0.0304138126514911
50,10.0,800.0,5000000.0,21.69,0.23400000000000004,0.0,0.00046530867130752763,-0.0025000000000000005,0.0304138126514911
50,0.0,800.0,5000000.0,21.69,0.23400000000000004,0.0,0.0004653153748215439,-0.0025000000000000005,0.03
50,1.0,800.0,5000000.0,21.69,0.23400000000000004,0.0,0.0004653153748215439,-0.0025000000000000005,0.03
50,2.0,800.0,5000000.0,21.69,0.23400000000000004,0.0,0.0004653153748215439,-0.0025000000000000005,0.03
50,3.0,800.0,5000000.0,21.69,0.23400000000000004,0.0,0.0004653153748215439,-0.0025000000000000005,0.03
50,4.0,800.0,5000000.0,21.69,0.23400000000000004,0.0,0.0004653153748215439,-0.0025000000000000005,0.03
50,5.0,800.0,5000000.0,21.69,0.23400000000000004,0.0,0.0004653153748215439,-0.0025000000000000005,0.03
50,6.0,800.0,5000000.0,21.69,0.23400000000000004,0.0,0.0004653153748215439,-0.0025000000000000005,0.03
50,7.0,800.0,5000000.0,21.69,0.23400000000000004,0.0,0.0004653153748215439,-0.0025000000000000005,0.03
50,8.0,800.0,5000000.0,21.69,0.23400000000000004,0.0,0.0004653153748215439,-0.0025000000000000005,0.03
50,9.0,800.0,5000000.0,21.69,0.23400000000000004,0.0,0.0004653153748215439,-0.0025000000000000005,0.03
50,10.0,800.0,5000000.0,21.69,0.23400000000000004,0.0,0.0004653153748215439,-0.0025000000000000005,0.03
50,0.0,800.0,5000000.0,21.69,0.23400000000000007,0.0,0.00042751090428115254,-0.0025000000000000005,0.046097722286464436
50,1.0,800.0,5000000.0,21.69,0.23400000000000007,0.0,0.00042751090428115254,-0.0025000000000000005,0.046097722286464436
50,2.0,800.0,5000000.0,21.69,0.23400000000000007,0.0,0.00042751090428115254,-0.0025000000000000005,0.046097722286464436
50,3.0,800.0,5000000.0,21.69,0.23400000000000007,0.0,0.00042751090428115254,-0.0025000000000000005,0.046097722286464436
50,4.0,800.0,5000000.0,21.69,0.23400000000000007,0.0,0.00042751090428115254,-0.0025000000000000005,0.046097722286464436
50,5.0,800.0,5000000.0,21.69,0.23400000000000007,0.0,0.00042751090428115254,-0.0025000000000000005,0.046097722286464436
50,6.0,800.0,5000000.0,21.69,0.23400000000000007,0.0,0.00042751090428115254,-0.0025000000000000005,0.046097722286464436
50,7.0,800.0,5000000.0,21.69,0.23400000000000007,0.0,0.00042751090428115254,-0.0025000000000000005,0.046097722286464436
50,8.0,800.0,5000000.0,21.69,0.23400000000000007,0.0,0.00042751090428115254,-0.0025000000000000005,0.046097722286464436
50,9.0,800.0,5000000.0,21.69,0.23400000000000007,0.0,0.00042751090428115254,-0.0025000000000000005,0.046097722286464436
50,10.0,800.0,5000000.0,21.69,0.23400000000000007,0.0,0.00042751090428115254,-0.0025000000000000005,0.046097722286464436
50,0.0,800.0,5000000.0,21.69,0.23400000000000004,0.0,0.0004703033299779481,-0.0025000000000000005,0.04527692569068708
50,1.0,800.0,5000000.0,21.69,0.23400000000000004,0.0,0.0004703033299779481,-0.0025000000000000005,0.04527692569068708
50,2.0,800.0,5000000.0,21.69,0.23400000000000004,0.0,0.0004703033299779481,-0.0025000000000000005,0.04527692569068708
50,3.0,800.0,5000000.0,21.69,0.23400000000000004,0.0,0.0004703033299779481,-0.0025000000000000005,0.04527692569068708
50,4.0,800.0,5000000.0,21.69,0.23400000000000004,0.0,0.0004703033299779481,-0.0025000000000000005,0.04527692569068708
50,5.0,800.0,5000000.0,21.69,0.23400000000000004,0.0,0.0004703033299779481,-0.0025000000000000005,0.04527692569068708
50,6.0,800.0,5000000.0,21.69,0.23400000000000004,0.0,0.0004703033299779481,-0.0025000000000000005,0.04527692569068708
50,7.0,800.0,5000000.0,21.69,0.23400000000000004,0.0,0.0004703033299779481,-0.0025000000000000005,0.04527692569068708
50,8.0,800.0,5000000.0,21.69,0.23400000000000004,0.0,0.0004703033299779481,-0.0025000000000000005,0.04527692569068708
50,9.0,800.0,5000000.0,21.69,0.23400000000000004,0.0,0.0004703033299779481,-0.0025000000000000005,0.04527692569068708
50,10.0,800.0,5000000.0,21.69,0.23400000000000004,0.0,0.0004703033299779481,-0.0025000000000000005,0.04527692569068708
50,0.0,800.0,5000000.0,21.69,0.23400000000000004,0.0,0.00047031262711844064,-0.0025000000000000005,0.045
50,1.0,800.0,5000000.0,21.69,0.23400000000000004,0.0,0.00047031262711844064,-0.0025000000000000005,0.045
50,2.0,800.0,5000000.0,21.69,0.23400000000000004,0.0,0.00047031262711844064,-0.0025000000000000005,0.045
50,3.0,800.0,5000000.0,21.69,0.23400000000000004,0.0,0.00047031262711844064,-0.0025000000000000005,0.045
50,4.0,800.0,5000000.0,21.69,0.23400000000000004,0.0,0.00047031262711844064,-0.0025000000000000005,0.045
50,5.0,800.0,5000000.0,21.69,0.23400000000000004,0.0,0.00047031262711844064,-0.0025000000000000005,0.045
50,6.0,800.0,5000000.0,21.69,0.23400000000000004,0.0,0.00047031262711844064,-0.0025000000000000005,0.045
50,7.0,800.0,5000000.0,21.69,0.23400000000000004,0.0,0.00047031262711844064,-0.0025000000000000005,0.045
50,8.0,800.0,5000000.0,21.69,0.23400000000000004,0.0,0.00047031262711844064,-0.0025000000000000005,0.045
50,9.0,800.0,5000000.0,21.69,0.23400000000000004,0.0,0.00047031262711844064,-0.0025000000000000005,0.045
50,10.0,800.0,5000000.0,21.69,0.23400000000000004,0.0,0.00047031262711844064,-0.0025000000000000005,0.045
50,0.0,800.0,5000000.0,21.69,0.23400000000000007,0.0,0.00028694520708539753,-0.0025000000000000005,0.0608276253029822
50,1.0,800.0,5000000.0,21.69,0.23400000000000007,0.0,0.00028694520708539753,-0.0025000000000000005,0.0608276253029822
50,2.0,800.0,5000000.0,21.69,0.23400000000000007,0.0,0.00028694520708539753,-0.0025000000000000005,0.0608276253029822
50,3.0,800.0,5000000.0,21.69,0.23400000000000007,0.0,0.00028694520708539753,-0.0025000000000000005,0.0608276253029822
50,4.0,800.0,5000000.0,21.69,0.23400000000000007,0.0,0.00028694520708539753,-0.0025000000000000005,0.0608276253029822
50,5.0,800.0,5000000.0,21.69,0.23400000000000007,0.0,0.00028694520708539753,-0.0025000000000000005,0.0608276253029822
50,6.0,800.0,5000000.0,21.69,0.23400000000000007,0.0,0.00028694520708539753,-0.0025000000000000005,0.0608276253029822
50,7.0,800.0,5000000.0,21.69,0.23400000000000007,0.0,0.00028694520708539753,-0.0025000000000000005,0.0608276253029822
50,8.0,800.0,5000000.0,21.69,0.23400000000000007,0.0,0.00028694520708539753,-0.0025000000000000005,0.0608276253029822
50,9.0,800.0,5000000.0,21.69,0.23400000000000007,0.0,0.00028694520708539753,-0.0025000000000000005,0.0608276253029822
50,10.0,800.0,5000000.0,21.69,0.23400000000000007,0.0,0.00028694520708539753,-0.0025000000000000005,0.0608276253029822
50,0.0,800.0,5000000.0,21.69,0.23400000000000004,0.0,0.00031509088270565534,-0.0025000000000000005,0.06020797289396147
50,1.0,800.0,5000000.0,21.69,0.23400000000000004,0.0,0.00031509088270565534,-0.0025000000000000005,0.06020797289396147
50,2.0,800.0,5000000.0,21.69,0.23400000000000004,0.0,0.00031509088270565534,-0.0025000000000000005,0.06020797289396147
50,3.0,800.0,5000000.0,21.69,0.23400000000000004,0.0,0.00031509088270565534,-0.0025000000000000005,0.06020797289396147
50,4.0,800.0,5000000.0,21.69,0.23400000000000004,0.0,0.00031509088270565534,-0.0025000000000000005,0.06020797289396147
50,5.0,800.0,5000000.0,21.69,0.23400000000000004,0.0,0.00031509088270565534,-0.0025000000000000005,0.06020797289396147
50,6.0,800.0,5000000.0,21.69,0.23400000000000004,0.0,0.00031509088270565534,-0.0025000000000000005,0.06020797289396147
50,7.0,800.0,5000000.0,21.69,0.23400000000000004,0.0,0.00031509088270565534,-0.0025000000000000005,0.06020797289396147
50,8.0,800.0,5000000.0,21.69,0.23400000000000004,0.0,0.00031509088270565534,-0.0025000000000000005,0.06020797289396147
50,9.0,800.0,5000000.0,21.69,0.23400000000000004,0.0,0.00031509088270565534,-0.0025000000000000005,0.06020797289396147
50,10.0,800.0,5000000.0,21.69,0.23400000000000004,0.0,0.00031509088270565534,-0.0025000000000000005,0.06020797289396147
50,0.0,800.0,5000000.0,21.69,0.23400000000000004,0.0,0.00031499376054164454,-0.0025000000000000005,0.06
50,1.0,800.0,5000000.0,21.69,0.23400000000000004,0.0,0.00031499376054164454,-0.0025000000000000005,0.06
50,2.0,800.0,5000000.0,21.69,0.23400000000000004,0.0,0.00031499376054164454,-0.0025000000000000005,0.06
50,3.0,800.0,5000000.0,21.69,0.23400000000000004,0.0,0.00031499376054164454,-0.0025000000000000005,0.06
50,4.0,800.0,5000000.0,21.69,0.23400000000000004,0.0,0.00031499376054164454,-0.0025000000000000005,0.06
50,5.0,800.0,5000000.0,21.69,0.23400000000000004,0.0,0.00031499376054164454,-0.0025000000000000005,0.06
50,6.0,800.0,5000000.0,21.69,0.23400000000000004,0.0,0.00031499376054164454,-0.0025000000000000005,0.06
50,7.0,800.0,5000000.0,21.69,0.23400000000000004,0.0,0.00031499376054164454,-0.0025000000000000005,0.06
50,8.0,800.0,5000000.0,21.69,0.23400000000000004,0.0,0.00031499376054164454,-0.0025000000000000005,0.06
50,9.0,800.0,5000000.0,21.69,0.23400000000000004,0.0,0.00031499376054164454,-0.0025000000000000005,0.06
50,10.0,800.0,5000000.0,21.69,0.23400000000000004,0.0,0.00031499376054164454,-0.0025000000000000005,0.06
50,0.0,800.0,5000000.0,21.69,0.23400000000000007,0.0,0.001496623202557244,-0.0025000000000000005,0.07566372975210778
50,1.0,800.0,5000000.0,21.69,0.23400000000000007,0.0,0.001496623202557244,-0.0025000000000000005,0.07566372975210778
50,2.0,800.0,5000000.0,21.69,0.23400000000000007,0.0,0.001496623202557244,-0.0025000000000000005,0.07566372975210778
50,3.0,800.0,5000000.0,21.69,0.23400000000000007,0.0,0.001496623202557244,-0.0025000000000000005,0.07566372975210778
50,4.0,800.0,5000000.0,21.69,0.23400000000000007,0.0,0.001496623202557244,-0.0025000000000000005,0.07566372975210778
50,5.0,800.0,5000000.0,21.69,0.23400000000000007,0.0,0.001496623202557244,-0.0025000000000000005,0.07566372975210778
50,6.0,800.0,5000000.0,21.69,0.23400000000000007,0.0,0.001496623202557244,-0.0025000000000000005,0.07566372975210778
50,7.0,800.0,5000000.0,21.69,0.23400000000000007,0.0,0.001496623202557244,-0.0025000000000000005,0.07566372975210778
50,8.0,800.0,5000000.0,21.69,0.23400000000000007,0.0,0.001496623202557244,-0.0025000000000000005,0.07566372975210778
50,9.0,800.0,5000000.0,21.69,0.23400000000000007,0.0,0.001496623202557244,-0.0025000000000000005,0.07566372975210778
50,10.0,800.0,5000000.0,21.69,0.23400000000000007,0.0,0.001496623202557244,-0.0025000000000000005,0.07566372975210778
50,0.0,800.0,5000000.0,21.69,0.23400000000000004,0.0,0.0014016683554776736,-0.0025000000000000005,0.07516648189186453
50,1.0,800.0,5000000.0,21.69,0.23400000000000004,0.0,0.0014016683554776736,-0.0025000000000000005,0.07516648189186453
50,2.0,800.0,5000000.0,21.69,0.23400000000000004,0.0,0.0014016683554776736,-0.0025000000000000005,0.07516648189186453
50,3.0,800.0,5000000.0,21.69,0.23400000000000004,0.0,0.0014016683554776736,-0.0025000000000000005,0.07516648189186453
50,4.0,800.0,5000000.0,21.69,0.23400000000000004,0.0,0.0014016683554776736,-0.0025000000000000005,0.07516648189186453
50,5.0,800.0,5000000.0,21.69,0.23400000000000004,0.0,0.0014016683554776736,-0.0025000000000000005,0.07516648189186453
50,6.0,800.0,5000000.0,21.69,0.23400000000000004,0.0,0.0014016683554776736,-0.0025000000000000005,0.07516648189186453
50,7.0,800.0,5000000.0,21.69,0.23400000000000004,0.0,0.0014016683554776736,-0.0025000000000000005,0.07516648189186453
50,8.0,800.0,5000000.0,21.69,0.23400000000000004,0.0,0.0014016683554776736,-0.0025000000000000005,0.07516648189186453
50,9.0,800.0,5000000.0,21.69,0.23400000000000004,0.0,0.0014016683554776736,-0.0025000000000000005,0.07516648189186453
50,10.0,800.0,5000000.0,21.69,0.23400000000000004,0.0,0.0014016683554776736,-0.0025000000000000005,0.07516648189186453
50,0.0,800.0,5000000.0,21.69,0.23400000000000004,0.0,0.0014290568115560402,-0.0025000000000000005,0.075
50,1.0,800.0,5000000.0,21.69,0.23400000000000004,0.0,0.0014290568115560402,-0.0025000000000000005,0.075
50,2.0,800.0,5000000.0,21.69,0.23400000000000004,0.0,0.0014290568115560402,-0.0025000000000000005,0.075
50,3.0,800.0,5000000.0,21.69,0.23400000000000004,0.0,0.0014290568115560402,-0.0025000000000000005,0.075
50,4.0,800.0,5000000.0,21.69,0.23400000000000004,0.0,0.0014290568115560402,-0.0025000000000000005,0.075
50,5.0,800.0,5000000.0,21.69,0.23400000000000004,0.0,0.0014290568115560402,-0.0025000000000000005,0.075
50,6.0,800.0,5000000.0,21.69,0.23400000000000004,0.0,0.0014290568115560402,-0.0025000000000000005,0.075
50,7.0,800.0,5000000.0,21.69,0.23400000000000004,0.0,0.0014290568115560402,-0.0025000000000000005,0.075
50,8.0,800.0,5000000.0,21.69,0.23400000000000004,0.0,0.0014290568115560402,-0.0025000000000000005,0.075
50,9.0,800.0,5000000.0,21.69,0.23400000000000004,0.0,0.0014290568115560402,-0.0025000000000000005,0.075
50,10.0,800.0,5000000.0,21.69,0.23400000000000004,0.0,0.0014290568115560402,-0.0025000000000000005,0.075
100,0.0,800.0,5000000.0,21.69,0.23400000000000007,0.0,0.00010957025616937846,-0.0025000000000000005,0.01
100,1.0,800.0,5000000.0,21.69,0.23400000000000007,0.0,0.00010957025616937846,-0.0025000000000000005,0.01
100,2.0,800.0,5000000.0,21.69,0.23400000000000007,0.0,0.00010957025616937846,-0.0025000000000000005,0.01
100,3.0,800.0,5000000.0,21.69,0.23400000000000007,0.0,0.00010957025616937846,-0.0025000000000000005,0.01
100,4.0,800.0,5000000.0,21.69,0.23400000000000007,0.0,0.00010957025616937846,-0.0025000000000000005,0.01
100,5.0,800.0,5000000.0,21.69,0.23400000000000007,0.0,0.00010957025616937846,-0.0025000000000000005,0.01
100,6.0,800.0,5000000.0,21.69,0.23400000000000007,0.0,0.00010957025616937846,-0.0025000000000000005,0.01
100,7.0,800.0,5000000.0,21.69,0.23400000000000007,0.0,0.00010957025616937846,-0.0025000000000000005,0.01
100,8.0,800.0,5000000.0,21.69,0.23400000000000007,0.0,0.00010957025616937846,-0.0025000000000000005,0.01
100,9.0,800.0,5000000.0,21.69,0.23400000000000007,0.0,0.00010957025616937846,-0.0025000000000000005,0.01
100,10.0,800.0,5000000.0,21.69,0.23400000000000007,0.0,0.00010957025616937846,-0.0025000000000000005,0.01
100,0.0,800.0,5000000.0,21.69,0.23400000000000004,0.0,0.00012055334025485962,-0.0025000000000000005,0.005
100,1.0,800.0,5000000.0,21.69,0.23400000000000004,0.0,0.00012055334025485962,-0.0025000000000000005,0.005
100,2.0,800.0,5000000.0,21.69,0.23400000000000004,0.0,0.00012055334025485962,-0.0025000000000000005,0.005
100,3.0,800.0,5000000.0,21.69,0.23400000000000004,0.0,0.00012055334025485962,-0.0025000000000000005,0.005
100,4.0,800.0,5000000.0,21.69,0.23400000000000004,0.0,0.00012055334025485962,-0.0025000000000000005,0.005
100,5.0,800.0,5000000.0,21.69,0.23400000000000004,0.0,0.00012055334025485962,-0.0025000000000000005,0.005
100,6.0,800.0,5000000.0,21.69,0.23400000000000004,0.0,0.00012055334025485962,-0.0025000000000000005,0.005
100,7.0,800.0,5000000.0,21.69,0.23400000000000004,0.0,0.00012055334025485962,-0.0025000000000000005,0.005
100,8.0,800.0,5000000.0,21.69,0.23400000000000004,0.0,0.00012055334025485962,-0.0025000000000000005,0.005
100,9.0,800.0,5000000.0,21.69,0.23400000000000004,0.0,0.00012055334025485962,-0.0025000000000000005,0.005
100,10.0,800.0,5000000.0,21.69,0.23400000000000004,0.0,0.00012055334025485962,-0.0025000000000000005,0.005
100,0.0,800.0,5000000.0,21.69,0.23400000000000004,0.0,0.00012054085087541862,-0.0025000000000000005,0.0
100,1.0,800.0,5000000.0,21.69,0.23400000000000004,0.0,0.00012054085087541862,-0.0025000000000000005,0.0
100,2.0,800.0,5000000.0,21.69,0.23400000000000004,0.0,0.00012054085087541862,-0.0025000000000000005,0.0
100,3.0,800.0,5000000.0,21.69,0.23400000000000004,0.0,0.00012054085087541862,-0.0025000000000000005,0.0
100,4.0,800.0,5000000.0,21.69,0.23400000000000004,0.0,0.00012054085087541862,-0.0025000000000000005,0.0
100,5.0,800.0,5000000.0,21.69,0.23400000000000004,0.0,0.00012054085087541862,-0.0025000000000000005,0.0
100,6.0,800.0,5000000.0,21.69,0.23400000000000004,0.0,0.00012054085087541862,-0.0025000000000000005,0.0
100,7.0,800.0,5000000.0,21.69,0.23400000000000004,0.0,0.00012054085087541862,-0.0025000000000000005,0.0
100,8.0,800.0,5000000.0,21.69,0.23400000000000004,0.0,0.00012054085087541862,-0.0025000000000000005,0.0
100,9.0,800.0,5000000.0,21.69,0.23400000000000004,0.0,0.00012054085087541862,-0.0025000000000000005,0.0
100,10.0,800.0,5000000.0,21.69,0.23400000000000004,0.0,0.00012054085087541862,-0.0025000000000000005,0.0
100,0.0,800.0,5000000.0,21.69,0.23400000000000007,0.0,0.0003286513203032986,-0.0025000000000000005,0.018027756377319945
100,1.0,800.0,5000000.0,21.69,0.23400000000000007,0.0,0.0003286513203032986,-0.0025000000000000005,0.018027756377319945
100,2.0,800.0,5000000.0,21.69,0.23400000000000007,0.0,0.0003286513203032986,-0.0025000000000000005,0.018027756377319945
100,3.0,800.0,5000000.0,21.69,0.23400000000000007,0.0,0.0003286513203032986,-0.0025000000000000005,0.018027756377319945
100,4.0,800.0,5000000.0,21.69,0.23400000000000007,0.0,0.0003286513203032986,-0.0025000000000000005,0.018027756377319945
100,5.0,800.0,5000000.0,21.69,0.23400000000000007,0.0,0.0003286513203032986,-0.0025000000000000005,0.018027756377319945
100,6.0,800.0,5000000.0,21.69,0.23400000000000007,0.0,0.0003286513203032986,-0.0025000000000000005,0.018027756377319945
100,7.0,800.0,5000000.0,21.69,0.23400000000000007,0.0,0.0003286513203032986,-0.0025000000000000005,0.018027756377319945
100,8.0,800.0,5000000.0,21.69,0.23400000000000007,0.0,0.0003286513203032986,-0.0025000000000000005,0.018027756377319945
100,9.0,800.0,5000000.0,21.69,0.23400000000000007,0.0,0.0003286513203032986,-0.0025000000000000005,0.018027756377319945
100,10.0,800.0,5000000.0,21.69,0.23400000000000007,0.0,0.0003286513203032986,-0.0025000000000000005,0.018027756377319945
100,0.0,800.0,5000000.0,21.69,0.23400000000000004,0.0,0.00036157607262496947,-0.0025000000000000005,0.015811388300841896
100,1.0,800.0,5000000.0,21.69,0.23400000000000004,0.0,0.00036157607262496947,-0.0025000000000000005,0.015811388300841896
100,2.0,800.0,5000000.0,21.69,0.23400000000000004,0.0,0.00036157607262496947,-0.0025000000000000005,0.015811388300841896
100,3.0,800.0,5000000.0,21.69,0.23400000000000004,0.0,0.00036157607262496947,-0.0025000000000000005,0.015811388300841896
100,4.0,800.0,5000000.0,21.69,0.23400000000000004,0.0,0.00036157607262496947,-0.0025000000000000005,0.015811388300841896
100,5.0,800.0,5000000.0,21.69,0.23400000000000004,0.0,0.00036157607262496947,-0.0025000000000000005,0.015811388300841896
100,6.0,800.0,5000000.0,21.69,0.23400000000000004,0.0,0.00036157607262496947,-0.0025000000000000005,0.015811388300841896
100,7.0,800.0,5000000.0,21.69,0.23400000000000004,0.0,0.00036157607262496947,-0.0025000000000000005,0.015811388300841896
100,8.0,800.0,5000000.0,21.69,0.23400000000000004,0.0,0.00036157607262496947,-0.0025000000000000005,0.015811388300841896
100,9.0,800.0,5000000.0,21.69,0.23400000000000004,0.0,0.00036157607262496947,-0.0025000000000000005,0.015811388300841896
100,10.0,800.0,5000000.0,21.69,0.23400000000000004,0.0,0.00036157607262496947,-0.0025000000000000005,0.015811388300841896
100,0.0,800.0,5000000.0,21.69,0.23400000000000004,0.0,0.00036156958871388044,-0.0025000000000000005,0.015
100,1.0,800.0,5000000.0,21.69,0.23400000000000004,0.0,0.00036156958871388044,-0.0025000000000000005,0.015
100,2.0,800.0,5000000.0,21.69,0.23400000000000004,0.0,0.00036156958871388044,-0.0025000000000000005,0.015
100,3.0,800.0,5000000.0,21.69,0.23400000000000004,0.0,0.00036156958871388044,-0.0025000000000000005,0.015
100,4.0,800.0,5000000.0,21.69,0.23400000000000004,0.0,0.00036156958871388044,-0.0025000000000000005,0.015
100,5.0,800.0,5000000.0,21.69,0.23400000000000004,0.0,0.00036156958871388044,-0.0025000000000000005,0.015
100,6.0,800.0,5000000.0,21.69,0.23400000000000004,0.0,0.00036156958871388044,-0.0025000000000000005,0.015
100,7.0,800.0,5000000.0,21.69,0.23400000000000004,0.0,0.00036156958871388044,-0.0025000000000000005,0.015
100,8.0,800.0,5000000.0,21.69,0.23400000000000004,0.0,0.00036156958871388044,-0.0025000000000000005,0.015
100,9.0,800.0,5000000.0,21.69,0.23400000000000004,0.0,0.00036156958871388044,-0.0025000000000000005,0.015
100,10.0,800.0,5000000.0,21.69,0.23400000000000004,0.0,0.00036156958871388044,-0.0025000000000000005,0.015
100,0.0,800.0,5000000.0,21.69,0.23400000000000007,0.0,0.0004229589619607745,-0.0025000000000000005,0.03162277660168379
100,1.0,800.0,5000000.0,21.69,0.23400000000000007,0.0,0.0004229589619607745,-0.0025000000000000005,0.03162277660168379
100,2.0,800.0,5000000.0,21.69,0.23400000000000007,0.0,0.0004229589619607745,-0.0025000000000000005,0.03162277660168379
100,3.0,800.0,5000000.0,21.69,0.23400000000000007,0.0,0.0004229589619607745,-0.0025000000000000005,0.03162277660168379
100,4.0,800.0,5000000.0,21.69,0.23400000000000007,0.0,0.0004229589619607745,-0.0025000000000000005,0.03162277660168379
100,5.0,800.0,5000000.0,21.69,0.23400000000000007,0.0,0.0004229589619607745,-0.0025000000000000005,0.03162277660168379
100,6.0,800.0,5000000.0,21.69,0.23400000000000007,0.0,0.0004229589619607745,-0.0025000000000000005,0.03162277660168379
100,7.0,800.0,5000000.0,21.69,0.23400000000000007,0.0,0.0004229589619607745,-0.0025000000000000005,0.03162277660168379
100,8.0,800.0,5000000.0,21.69,0.23400000000000007,0.0,0.0004229589619607745,-0.0025000000000000005,0.03162277660168379
100,9.0,800.0,5000000.0,21.69,0.23400000000000007,0.0,0.0004229589619607745,-0.0025000000000000005,0.03162277660168379
100,10.0,800.0,5000000.0,21.69,0.23400000000000007,0.0,0.0004229589619607745,-0.0025000000000000005,0.03162277660168379
100,0.0,800.0,5000000.0,21.69,0.23400000000000004,0.0,0.00046530867130752763,-0.0025000000000000005,0.0304138126514911
100,1.0,800.0,5000000.0,21.69,0.23400000000000004,0.0,0.00046530867130752763,-0.0025000000000000005,0.0304138126514911
100,2.0,800.0,5000000.0,21.69,0.23400000000000004,0.0,0.00046530867130752763,-0.0025000000000000005,0.0304138126514911
100,3.0,800.0,5000000.0,21.69,0.23400000000000004,0.0,0.00046530867130752763,-0.0025000000000000005,0.0304138126514911
100,4.0,800.0,5000000.0,21.69,0.23400000000000004,0.0,0.00046530867130752763,-0.0025000000000000005,0.0304138126514911
100,5.0,800.0,5000000.0,21.69,0.23400000000000004,0.0,0.00046530867130752763,-0.0025000000000000005,0.0304138126514911
100,6.0,800.0,5000000.0,21.69,0.23400000000000004,0.0,0.00046530867130752763,-0.0025000000000000005,0.0304138126514911
100,7.0,800.0,5000000.0,21.69,0.23400000000000004,0.0,0.00046530867130752763,-0.0025000000000000005,0.0304138126514911
100,8.0,800.0,5000000.0,21.69,0.23400000000000004,0.0,0.00046530867130752763,-0.0025000000000000005,0.0304138126514911
100,9.0,800.0,5000000.0,21.69,0.23400000000000004,0.0,0.00046530867130752763,-0.0025000000000000005,0.0304138126514911
100,10.0,800.0,5000000.0,21.69,0.23400000000000004,0.0,0.00046530867130752763,-0.0025000000000000005,0.0304138126514911
100,0.0,800.0,5000000.0,21.69,0.23400000000000004,0.0,0.0004653153748215439,-0.0025000000000000005,0.03
100,1.0,800.0,5000000.0,21.69,0.23400000000000004,0.0,0.0004653153748215439,-0.0025000000000000005,0.03
100,2.0,800.0,5000000.0,21.69,0.23400000000000004,0.0,0.0004653153748215439,-0.0025000000000000005,0.03
100,3.0,800.0,5000000.0,21.69,0.23400000000000004,0.0,0.0004653153748215439,-0.0025000000000000005,0.03
100,4.0,800.0,5000000.0,21.69,0.23400000000000004,0.0,0.0004653153748215439,-0.0025000000000000005,0.03
100,5.0,800.0,5000000.0,21.69,0.23400000000000004,0.0,0.0004653153748215439,-0.0025000000000000005,0.03
100,6.0,800.0,5000000.0,21.69,0.23400000000000004,0.0,0.0004653153748215439,-0.0025000000000000005,0.03
100,7.0,800.0,5000000.0,21.69,0.23400000000000004,0.0,0.0004653153748215439,-0.0025000000000000005,0.03
100,8.0,800.0,5000000.0,21.69,0.23400000000000004,0.0,0.0004653153748215439,-0.0025000000000000005,0.03
100,9.0,800.0,5000000.0,21.69,0.23400000000000004,0.0,0.0004653153748215439,-0.0025000000000000005,0.03
100,10.0,800.0,5000000.0,21.69,0.23400000000000004,0.0,0.0004653153748215439,-0.0025000000000000005,0.03
100,0.0,800.0,5000000.0,21.69,0.23400000000000007,0.0,0.00042751090428115254,-0.0025000000000000005,0.046097722286464436
100,1.0,800.0,5000000.0,21.69,0.23400000000000007,0.0,0.00042751090428115254,-0.0025000000000000005,0.046097722286464436
100,2.0,800.0,5000000.0,21.69,0.23400000000000007,0.0,0.00042751090428115254,-0.0025000000000000005,0.046097722286464436
100,3.0,800.0,5000000.0,21.69,0.23400000000000007,0.0,0.00042751090428115254,-0.0025000000000000005,0.046097722286464436
100,4.0,800.0,5000000.0,21.69,0.23400000000000007,0.0,0.00042751090428115254,-0.0025000000000000005,0.046097722286464436
100,5.0,800.0,5000000.0,21.69,0.23400000000000007,0.0,0.00042751090428115254,-0.0025000000000000005,0.046097722286464436
100,6.0,800.0,5000000.0,21.69,0.23400000000000007,0.0,0.00042751090428115254,-0.0025000000000000005,0.046097722286464436
100,7.0,800.0,5000000.0,21.69,0.23400000000000007,0.0,0.00042751090428115254,-0.0025000000000000005,0.046097722286464436
100,8.0,800.0,5000000.0,21.69,0.23400000000000007,0.0,0.00042751090428115254,-0.0025000000000000005,0.046097722286464436
100,9.0,800.0,5000000.0,21.69,0.23400000000000007,0.0,0.00042751090428115254,-0.0025000000000000005,0.046097722286464436
100,10.0,800.0,5000000.0,21.69,0.23400000000000007,0.0,0.00042751090428115254,-0.0025000000000000005,0.046097722286464436
100,0.0,800.0,5000000.0,21.69,0.23400000000000004,0.0,0.0004703033299779481,-0.0025000000000000005,0.04527692569068708
100,1.0,800.0,5000000.0,21.69,0.23400000000000004,0.0,0.0004703033299779481,-0.0025000000000000005,0.04527692569068708
100,2.0,800.0,5000000.0,21.69,0.23400000000000004,0.0,0.0004703033299779481,-0.0025000000000000005,0.04527692569068708
100,3.0,800.0,5000000.0,21.69,0.23400000000000004,0.0,0.0004703033299779481,-0.0025000000000000005,0.04527692569068708
100,4.0,800.0,5000000.0,21.69,0.23400000000000004,0.0,0.0004703033299779481,-0.0025000000000000005,0.04527692569068708
100,5.0,800.0,5000000.0,21.69,0.23400000000000004,0.0,0.0004703033299779481,-0.0025000000000000005,0.04527692569068708
100,6.0,800.0,5000000.0,21.69,0.23400000000000004,0.0,0.0004703033299779481,-0.0025000000000000005,0.04527692569068708
100,7.0,800.0,5000000.0,21.69,0.23400000000000004,0.0,0.0004703033299779481,-0.0025000000000000005,0.04527692569068708
100,8.0,800.0,5000000.0,21.69,0.23400000000000004,0.0,0.0004703033299779481,-0.0025000000000000005,0.04527692569068708
100,9.0,800.0,5000000.0,21.69,0.23400000000000004,0.0,0.0004703033299779481,-0.0025000000000000005,0.04527692569068708
100,10.0,800.0,5000000.0,21.69,0.23400000000000004,0.0,0.0004703033299779481,-0.0025000000000000005,0.04527692569068708
100,0.0,800.0,5000000.0,21.69,0.23400000000000004,0.0,0.00047031262711844064,-0.0025000000000000005,0.045
100,1.0,800.0,5000000.0,21.69,0.23400000000000004,0.0,0.00047031262711844064,-0.0025000000000000005,0.045
100,2.0,800.0,5000000.0,21.69,0.23400000000000004,0.0,0.00047031262711844064,-0.0025000000000000005,0.045
100,3.0,800.0,5000000.0,21.69,0.23400000000000004,0.0,0.00047031262711844064,-0.0025000000000000005,0.045
100,4.0,800.0,5000000.0,21.69,0.23400000000000004,0.0,0.00047031262711844064,-0.0025000000000000005,0.045
100,5.0,800.0,5000000.0,21.69,0.23400000000000004,0.0,0.00047031262711844064,-0.0025000000000000005,0.045
100,6.0,800.0,5000000.0,21.69,0.23400000000000004,0.0,0.00047031262711844064,-0.0025000000000000005,0.045
100,7.0,800.0,5000000.0,21.69,0.23400000000000004,0.0,0.00047031262711844064,-0.0025000000000000005,0.045
100,8.0,800.0,5000000.0,21.69,0.23400000000000004,0.0,0.00047031262711844064,-0.0025000000000000005,0.045
100,9.0,800.0,5000000.0,21.69,0.23400000000000004,0.0,0.00047031262711844064,-0.0025000000000000005,0.045
100,10.0,800.0,5000000.0,21.69,0.23400000000000004,0.0,0.00047031262711844064,-0.0025000000000000005,0.045
100,0.0,800.0,5000000.0,21.69,0.23400000000000007,0.0,0.00028694520708539753,-0.0025000000000000005,0.0608276253029822
100,1.0,800.0,5000000.0,21.69,0.23400000000000007,0.0,0.00028694520708539753,-0.0025000000000000005,0.0608276253029822
100,2.0,800.0,5000000.0,21.69,0.23400000000000007,0.0,0.00028694520708539753,-0.0025000000000000005,0.0608276253029822
100,3.0,800.0,5000000.0,21.69,0.23400000000000007,0.0,0.00028694520708539753,-0.0025000000000000005,0.0608276253029822
100,4.0,800.0,5000000.0,21.69,0.23400000000000007,0.0,0.00028694520708539753,-0.0025000000000000005,0.0608276253029822
100,5.0,800.0,5000000.0,21.69,0.23400000000000007,0.0,0.00028694520708539753,-0.0025000000000000005,0.0608276253029822
100,6.0,800.0,5000000.0,21.69,0.23400000000000007,0.0,0.00028694520708539753,-0.0025000000000000005,0.0608276253029822
100,7.0,800.0,5000000.0,21.69,0.23400000000000007,0.0,0.00028694520708539753,-0.0025000000000000005,0.0608276253029822
100,8.0,800.0,5000000.0,21.69,0.23400000000000007,0.0,0.00028694520708539753,-0.0025000000000000005,0.0608276253029822
100,9.0,800.0,5000000.0,21.69,0.23400000000000007,0.0,0.00028694520708539753,-0.0025000000000000005,0.0608276253029822
100,10.0,800.0,5000000.0,21.69,0.23400000000000007,0.0,0.00028694520708539753,-0.0025000000000000005,0.0608276253029822
100,0.0,800.0,5000000.0,21.69,0.23400000000000004,0.0,0.00031509088270565534,-0.0025000000000000005,0.06020797289396147
100,1.0,800.0,5000000.0,21.69,0.23400000000000004,0.0,0.00031509088270565534,-0.0025000000000000005,0.06020797289396147
100,2.0,800.0,5000000.0,21.69,0.23400000000000004,0.0,0.00031509088270565534,-0.0025000000000000005,0.06020797289396147
100,3.0,800.0,5000000.0,21.69,0.23400000000000004,0.0,0.00031509088270565534,-0.0025000000000000005,0.06020797289396147
100,4.0,800.0,5000000.0,21.69,0.23400000000000004,0.0,0.00031509088270565534,-0.0025000000000000005,0.06020797289396147
100,5.0,800.0,5000000.0,21.69,0.23400000000000004,0.0,0.00031509088270565534,-0.0025000000000000005,0.06020797289396147
100,6.0,800.0,5000000.0,21.69,0.23400000000000004,0.0,0.00031509088270565534,-0.0025000000000000005,0.06020797289396147
100,7.0,800.0,5000000.0,21.69,0.23400000000000004,0.0,0.00031509088270565534,-0.0025000000000000005,0.06020797289396147
100,8.0,800.0,5000000.0,21.69,0.23400000000000004,0.0,0.00031509088270565534,-0.0025000000000000005,0.06020797289396147
100,9.0,800.0,5000000.0,21.69,0.23400000000000004,0.0,0.00031509088270565534,-0.0025000000000000005,0.06020797289396147
100,10.0,800.0,5000000.0,21.69,0.23400000000000004,0.0,0.00031509088270565534,-0.0025000000000000005,0.06020797289396147
100,0.0,800.0,5000000.0,21.69,0.23400000000000004,0.0,0.00031499376054164454,-0.0025000000000000005,0.06
100,1.0,800.0,5000000.0,21.69,0.23400000000000004,0.0,0.00031499376054164454,-0.0025000000000000005,0.06
100,2.0,800.0,5000000.0,21.69,0.23400000000000004,0.0,0.00031499376054164454,-0.0025000000000000005,0.06
100,3.0,800.0,5000000.0,21.69,0.23400000000000004,0.0,0.00031499376054164454,-0.0025000000000000005,0.06
100,4.0,800.0,5000000.0,21.69,0.23400000000000004,0.0,0.00031499376054164454,-0.0025000000000000005,0.06
100,5.0,800.0,5000000.0,21.69,0.23400000000000004,0.0,0.00031499376054164454,-0.0025000000000000005,0.06
100,6.0,800.0,5000000.0,21.69,0.23400000000000004,0.0,0.00031499376054164454,-0.0025000000000000005,0.06
100,7.0,800.0,5000000.0,21.69,0.23400000000000004,0.0,0.00031499376054164454,-0.0025000000000000005,0.06
100,8.0,800.0,5000000.0,21.69,0.23400000000000004,0.0,0.00031499376054164454,-0.0025000000000000005,0.06
100,9.0,800.0,5000000.0,21.69,0.23400000000000004,0.0,0.00031499376054164454,-0.0025000000000000005,0.06
100,10.0,800.0,5000000.0,21.69,0.23400000000000004,0.0,0.00031499376054164454,-0.0025000000000000005,0.06
100,0.0,800.0,5000000.0,21.69,0.23400000000000007,0.0,0.001496623202557244,-0.0025000000000000005,0.07566372975210778
100,1.0,800.0,5000000.0,21.69,0.23400000000000007,0.0,0.001496623202557244,-0.0025000000000000005,0.07566372975210778
100,2.0,800.0,5000000.0,21.69,0.23400000000000007,0.0,0.001496623202557244,-0.0025000000000000005,0.07566372975210778
100,3.0,800.0,5000000.0,21.69,0.23400000000000007,0.0,0.001496623202557244,-0.0025000000000000005,0.07566372975210778
100,4.0,800.0,5000000.0,21.69,0.23400000000000007,0.0,0.001496623202557244,-0.0025000000000000005,0.07566372975210778
100,5.0,800.0,5000000.0,21.69,0.23400000000000007,0.0,0.001496623202557244,-0.0025000000000000005,0.07566372975210778
100,6.0,800.0,5000000.0,21.69,0.23400000000000007,0.0,0.001496623202557244,-0.0025000000000000005,0.07566372975210778
100,7.0,800.0,5000000.0,21.69,0.23400000000000007,0.0,0.001496623202557244,-0.0025000000000000005,0.07566372975210778
100,8.0,800.0,5000000.0,21.69,0.23400000000000007,0.0,0.001496623202557244,-0.0025000000000000005,0.07566372975210778
100,9.0,800.0,5000000.0,21.69,0.23400000000000007,0.0,0.001496623202557244,-0.0025000000000000005,0.07566372975210778
100,10.0,800.0,5000000.0,21.69,0.23400000000000007,0.0,0.001496623202557244,-0.0025000000000000005,0.07566372975210778
100,0.0,800.0,5000000.0,21.69,0.23400000000000004,0.0,0.0014016683554776736,-0.0025000000000000005,0.07516648189186453
100,1.0,800.0,5000000.0,21.69,0.23400000000000004,0.0,0.0014016683554776736,-0.0025000000000000005,0.07516648189186453
100,2.0,800.0,5000000.0,21.69,0.23400000000000004,0.0,0.0014016683554776736,-0.0025000000000000005,0.07516648189186453
100,3.0,800.0,5000000.0,21.69,0.23400000000000004,0.0,0.0014016683554776736,-0.0025000000000000005,0.07516648189186453
100,4.0,800.0,5000000.0,21.69,0.23400000000000004,0.0,0.0014016683554776736,-0.0025000000000000005,0.07516648189186453
100,5.0,800.0,5000000.0,21.69,0.23400000000000004,0.0,0.0014016683554776736,-0.0025000000000000005,0.07516648189186453
100,6.0,800.0,5000000.0,21.69,0.23400000000000004,0.0,0.0014016683554776736,-0.0025000000000000005,0.07516648189186453
100,7.0,800.0,5000000.0,21.69,0.23400000000000004,0.0,0.0014016683554776736,-0.0025000000000000005,0.07516648189186453
100,8.0,800.0,5000000.0,21.69,0.23400000000000004,0.0,0.0014016683554776736,-0.0025000000000000005,0.07516648189186453
100,9.0,800.0,5000000.0,21.69,0.23400000000000004,0.0,0.0014016683554776736,-0.0025000000000000005,0.07516648189186453
100,10.0,800.0,5000000.0,21.69,0.23400000000000004,0.0,0.0014016683554776736,-0.0025000000000000005,0.07516648189186453
100,0.0,800.0,5000000.0,21.69,0.23400000000000004,0.0,0.0014290568115560402,-0.0025000000000000005,0.075
100,1.0,800.0,5000000.0,21.69,0.23400000000000004,0.0,0.0014290568115560402,-0.0025000000000000005,0.075
100,2.0,800.0,5000000.0,21.69,0.23400000000000004,0.0,0.0014290568115560402,-0.0025000000000000005,0.075
100,3.0,800.0,5000000.0,21.69,0.23400000000000004,0.0,0.0014290568115560402,-0.0025000000000000005,0.075
100,4.0,800.0,5000000.0,21.69,0.23400000000000004,0.0,0.0014290568115560402,-0.0025000000000000005,0.075
100,5.0,800.0,5000000.0,21.69,0.23400000000000004,0.0,0.0014290568115560402,-0.0025000000000000005,0.075
100,6.0,800.0,5000000.0,21.69,0.23400000000000004,0.0,0.0014290568115560402,-0.0025000000000000005,0.075
100,7.0,800.0,5000000.0,21.69,0.23400000000000004,0.0,0.0014290568115560402,-0.0025000000000000005,0.075
100,8.0,800.0,5000000.0,21.69,0.23400000000000004,0.0,0.0014290568115560402,-0.0025000000000000005,0.075
100,9.0,800.0,5000000.0,21.69,0.23400000000000004,0.0,0.0014290568115560402,-0.0025000000000000005,0.075
100,10.0,800.0,5000000.0,21.69,0.23400000000000004,0.0,0.0014290568115560402,-0.0025000000000000005,0.075
